representation,cap,k,draws,C_mean,C_sampling_p025,C_sampling_p975,I_mean,I_sampling_p025,I_sampling_p975,delta_mean,delta_sampling_p025,delta_sampling_p975
finals,1,5,120,23.09651344333808,20.96776838413541,25.583556530840674,29.06901833890849,25.371098539586853,32.21416539296107,5.972504895570413,1.7827373356505325,10.382645519565628
finals,1,8,120,19.48168597880571,18.00296892747632,20.863053079071587,25.081822906781728,22.427408857404057,27.92678409280877,5.6001369279760125,2.2142275369545463,8.54445009849188
finals,1,10,120,18.479601413528908,17.152182979118873,19.674223662648366,23.95295638728016,21.637489345373478,26.313604697575652,5.47335497375125,2.7824671918231183,7.816569620622421
finals,1,15,120,16.913364258504,15.563237419520492,17.996659232288778,22.44669151008149,20.479791726504168,24.17909465622648,5.533327251577486,3.117032749073237,7.572939378119708
finals,1,20,120,15.611770935132997,14.294454359507306,16.628862906694373,21.512640737628555,19.766491492750134,23.062120529950725,5.90086980249556,3.700351851792721,7.765575179268998
finals,1,30,120,14.520561695326402,13.518036943830396,15.53964886608846,20.169672221367318,18.66098609025136,21.41684223796333,5.649110526040914,3.8308438493348027,7.447623583754012
finals,1,40,120,13.749198966680133,12.897614907724554,14.731081076032265,19.080109189287068,17.668436993420432,20.266326083190705,5.330910222606937,3.5470703316271623,7.043124376362777
finals,3,5,120,21.652624332427457,20.54808608241448,22.826889688537893,27.755730970456785,25.22406003841346,30.274546907822376,6.103106638029326,3.426757952184062,9.018497714178633
finals,3,8,120,18.61242669200042,17.58558826575203,19.38630834567237,24.347594916416924,22.362174074468165,26.36639055226093,5.7351682244165065,3.696951711096937,7.960535914505802
finals,3,10,120,17.639899505837697,16.864467206160263,18.29240167960741,23.50033303834855,21.771702177154047,25.236250605974096,5.860433532510853,3.892596746313735,7.828799880228776
finals,3,15,120,16.49304066964779,15.87428676775891,17.090271411518973,22.410951148391838,20.994395526366898,23.843199102043247,5.9179104787440435,4.408064804202938,7.550241613381235
finals,3,20,120,15.924309521833315,15.36345738758641,16.381521333274787,21.861566414252064,20.613027555405868,23.08959946493109,5.937256892418749,4.602586853896903,7.354810500513068
finals,3,30,120,15.128486017799567,14.60807604823395,15.574810503646528,21.2334554852615,20.014592719378758,22.323561351387312,6.1049694674619355,4.738983733996432,7.359066154573445
finals,3,40,120,14.339240771738366,13.82142177056764,14.770038300601412,20.73012853619265,19.69322346088474,21.857590158822525,6.390887764454287,5.078320322879105,7.622069506007632
finals,10,5,120,19.41024946396942,19.064725181135135,19.714059221420047,27.013974143866868,25.22446419584144,28.717179178915238,7.603724679897449,5.743453150623935,9.321896178836802
finals,10,8,120,16.946374245277248,16.755953222709138,17.13792166495124,23.826127741459782,22.55147834962524,25.11484393239221,6.879753496182534,5.557631361732858,8.157954161863383
finals,10,10,120,16.25931931806645,16.107258679898006,16.430909538110743,23.093477336405257,21.896729106998446,24.227441692086927,6.834158018338809,5.728611842830246,7.949749202400493
finals,10,15,120,15.261883677344716,15.133032385307391,15.396798285053887,22.26101979915983,21.299074380315027,23.156280101391474,6.999136121815111,6.02865133414077,7.965082717425782
finals,10,20,120,14.86598070049005,14.755076164481613,14.999067673224467,21.84682556665663,21.006137702851483,22.713712306150292,6.9808448661665805,6.144633381451218,7.867932263589137
finals,10,30,120,14.401173550560669,14.318742573236335,14.519869571680793,21.350524655648293,20.682393443066637,22.11327422969998,6.949351105087623,6.262871699291484,7.707731113280299
finals,10,40,120,14.030530203856967,13.927433376388727,14.140091836049104,21.075271845220218,20.40358655265961,21.809988610821662,7.0447416413632515,6.39335503410195,7.799916265958496
pre_last,1,5,120,21.83051655335515,20.29782834861997,23.414320079560706,22.555362911775426,20.21890884924795,25.244508930881203,0.7248463584202816,-1.8474944587654993,3.8512144436666325
pre_last,1,8,120,18.86425623797113,17.942919284401253,19.766272333799428,19.241331126354815,17.340235224332805,20.986286754267525,0.37707488838368614,-1.6896245685451021,2.8646177126954573
pre_last,1,10,120,17.91873170159313,17.06192813705859,18.630986190088674,18.29645747753284,16.59247086050375,20.012393042870343,0.3777257759397062,-1.5755302885865772,2.434467926587952
pre_last,1,15,120,16.50486259234089,15.844561361366651,17.18931893126931,16.972040030617855,15.56340236319878,18.524594454027177,0.46717743827696673,-1.392777765036701,2.1656672182674193
pre_last,1,20,120,15.526911153806724,14.90384972848488,16.153358311251157,16.18641091172124,14.901248807440199,17.448499448858907,0.6594997579145169,-1.2194744502497024,2.0376879133975594
pre_last,1,30,120,14.12667319257836,13.577224483648424,14.654101912420632,15.132499705099665,13.812057056020432,16.181715892828066,1.0058265125213048,-0.7847974168272894,2.240267271557993
pre_last,1,40,120,13.250888077379944,12.802827336779018,13.685089300362659,14.36986935216825,13.24392682671779,15.329099096527894,1.118981274788306,-0.42584408186350664,2.1359976941799848
pre_last,3,5,120,13.457497791843206,12.449831608309143,14.41195517493625,21.54240759557488,19.990579141331445,23.22247567606685,8.08490980373167,6.481571272574219,9.986397142828798
pre_last,3,8,120,12.359384941098478,11.709795923416872,13.0583426724802,18.59015149589965,17.439875120851042,20.017473997075903,6.230766554801176,4.966263060920119,7.704278866403924
pre_last,3,10,120,12.159364591425133,11.568468214864046,12.784967889676778,17.790663724588892,16.760633134872414,19.13139754388345,5.63129913316376,4.478490956283767,6.959176177547903
pre_last,3,15,120,12.24802146180074,11.764674399762617,12.747902620937683,16.752323403376263,15.72997360208145,17.932204094365854,4.504301941575525,3.3770621484278713,5.837118795575513
pre_last,3,20,120,12.309575600670792,11.866632927952093,12.717585735902036,16.239267496603684,15.255043150669964,17.374104878184728,3.9296918959328933,2.916105207840118,5.129614015265699
pre_last,3,30,120,12.472817539286966,12.133892866993794,12.831263474901517,15.616670697603604,14.707422806311953,16.50600079070086,3.143853158316641,2.2194340629809073,4.277657961166082
pre_last,3,40,120,12.504999458095831,12.213057452098422,12.899823735987566,15.161679173992061,14.29516529568053,16.01590356482536,2.656679715896229,1.7719406311725572,3.6560909645750894
pre_last,10,5,120,11.956273731627501,11.57727057757675,12.559319069594883,20.796518766121956,19.451171797215785,22.442443463848445,8.84024503449446,7.471254803163003,10.496064369085861
pre_last,10,8,120,10.087015278186835,9.880648718630313,10.251081444568221,17.981238285397435,17.02930687129047,19.05986539872762,7.894223007210601,6.923380109126766,8.980181198489992
pre_last,10,10,120,9.731627071828074,9.566458411457893,9.870976729724974,17.242013806529638,16.3504021303891,18.225098431733603,7.510386734701568,6.508221654584431,8.474206623781345
pre_last,10,15,120,9.909175607732106,9.769830864530345,10.025755104680089,16.365099206924658,15.54785922827536,17.197576367913637,6.4559235991925545,5.583777595187643,7.304878167368233
pre_last,10,20,120,10.277147854448618,10.167255187206246,10.37946641888163,15.887196894066138,15.121548763157238,16.626716526895247,5.610049039617523,4.799474087642301,6.35911184346899
pre_last,10,30,120,10.833680905800955,10.731551466490775,10.923245367998351,15.320920713249011,14.613400662866349,16.066654478682477,4.487239807448052,3.7536967515993984,5.260023686527098
pre_last,10,40,120,11.257401586492332,11.169905387542503,11.342611370782285,15.018667729599777,14.222815753669588,15.7241812114802,3.761266143107444,2.98411514625829,4.492474300778809
