representation,layer,k,metric,reference,recomputed,difference,passed
finals,0,10,pooled_id_correct,17.560108114463617,17.560108114463617,0.0,True
finals,0,10,pooled_id_incorrect,19.44288187926389,19.44288187926389,0.0,True
finals,0,10,pooled_delta_id,1.882773764800272,1.882773764800272,-2.2204460492503099e-16,True
finals,0,20,pooled_id_correct,16.77939860377165,16.77939860377165,0.0,True
finals,0,20,pooled_id_incorrect,18.671366360943573,18.671366360943573,0.0,True
finals,0,20,pooled_delta_id,1.891967757171928,1.8919677571719271,-1e-15,True
finals,1,10,pooled_id_correct,18.2376587596729,18.2376587596729,0.0,True
finals,1,10,pooled_id_incorrect,18.86943881764159,18.86943881764159,0.0,True
finals,1,10,pooled_delta_id,0.6317800579686881,0.6317800579686881,1.11022302462516e-16,True
finals,1,20,pooled_id_correct,17.68754875625356,17.68754875625356,0.0,True
finals,1,20,pooled_id_incorrect,18.78160599471312,18.78160599471312,0.0,True
finals,1,20,pooled_delta_id,1.094057238459563,1.094057238459563,2.2204460492503099e-16,True
finals,2,10,pooled_id_correct,17.780554562977727,17.780554562977727,0.0,True
finals,2,10,pooled_id_incorrect,18.560367253081733,18.560367253081733,0.0,True
finals,2,10,pooled_delta_id,0.7798126901040031,0.7798126901040031,1.11022302462516e-16,True
finals,2,20,pooled_id_correct,17.26909911525125,17.26909911525125,0.0,True
finals,2,20,pooled_id_incorrect,18.619877381776,18.619877381775996,-4e-15,True
finals,2,20,pooled_delta_id,1.350778266524743,1.350778266524744,1e-15,True
finals,3,10,pooled_id_correct,17.956589709047016,17.956589709047016,0.0,True
finals,3,10,pooled_id_incorrect,19.047348119176963,19.047348119176963,0.0,True
finals,3,10,pooled_delta_id,1.090758410129944,1.090758410129945,4.44089209850063e-16,True
finals,3,20,pooled_id_correct,17.68337347384705,17.68337347384705,0.0,True
finals,3,20,pooled_id_incorrect,18.77274599035311,18.77274599035311,0.0,True
finals,3,20,pooled_delta_id,1.08937251650606,1.089372516506061,6.66133814775094e-16,True
finals,4,10,pooled_id_correct,17.075722680093108,17.075722680093108,0.0,True
finals,4,10,pooled_id_incorrect,19.11846911222036,19.118469112220357,-4e-15,True
finals,4,10,pooled_delta_id,2.042746432127252,2.042746432127252,4.44089209850063e-16,True
finals,4,20,pooled_id_correct,17.050535131389886,17.050535131389886,0.0,True
finals,4,20,pooled_id_incorrect,19.136713269118097,19.136713269118097,0.0,True
finals,4,20,pooled_delta_id,2.086178137728212,2.086178137728212,-4.44089209850063e-16,True
finals,5,10,pooled_id_correct,17.283541979121978,17.283541979121978,0.0,True
finals,5,10,pooled_id_incorrect,19.35002501205061,19.35002501205061,0.0,True
finals,5,10,pooled_delta_id,2.066483032928634,2.066483032928634,0.0,True
finals,5,20,pooled_id_correct,17.116747610329433,17.116747610329433,0.0,True
finals,5,20,pooled_id_incorrect,19.35008916993198,19.35008916993198,0.0,True
finals,5,20,pooled_delta_id,2.233341559602551,2.23334155960255,-4.44089209850063e-16,True
finals,6,10,pooled_id_correct,17.268619924152627,17.268619924152627,0.0,True
finals,6,10,pooled_id_incorrect,19.693465459809257,19.693465459809257,0.0,True
finals,6,10,pooled_delta_id,2.424845535656628,2.424845535656629,4.44089209850063e-16,True
finals,6,20,pooled_id_correct,16.74214605023362,16.74214605023362,0.0,True
finals,6,20,pooled_id_incorrect,19.547189079150797,19.547189079150794,-4e-15,True
finals,6,20,pooled_delta_id,2.80504302891717,2.80504302891717,0.0,True
finals,7,10,pooled_id_correct,17.195911686485168,17.195911686485168,0.0,True
finals,7,10,pooled_id_incorrect,19.797251702823427,19.797251702823427,0.0,True
finals,7,10,pooled_delta_id,2.60134001633826,2.60134001633826,-4.44089209850063e-16,True
finals,7,20,pooled_id_correct,16.064112599328723,16.064112599328723,0.0,True
finals,7,20,pooled_id_incorrect,19.70085921785066,19.70085921785066,0.0,True
finals,7,20,pooled_delta_id,3.63674661852194,3.6367466185219373,-3.0000000000000002e-15,True
finals,8,10,pooled_id_correct,16.30137514762103,16.30137514762103,0.0,True
finals,8,10,pooled_id_incorrect,19.97516648145594,19.97516648145594,0.0,True
finals,8,10,pooled_delta_id,3.67379133383491,3.67379133383491,0.0,True
finals,8,20,pooled_id_correct,15.746709880724136,15.746709880724136,0.0,True
finals,8,20,pooled_id_incorrect,19.9118232154299,19.9118232154299,0.0,True
finals,8,20,pooled_delta_id,4.165113334705769,4.165113334705768,-8.88178419700125e-16,True
finals,9,10,pooled_id_correct,16.38425642905875,16.38425642905875,0.0,True
finals,9,10,pooled_id_incorrect,20.082127334925428,20.082127334925428,0.0,True
finals,9,10,pooled_delta_id,3.697870905866677,3.697870905866677,-4.44089209850063e-16,True
finals,9,20,pooled_id_correct,16.00153083515725,16.00153083515725,0.0,True
finals,9,20,pooled_id_incorrect,20.067431920175427,20.067431920175427,0.0,True
finals,9,20,pooled_delta_id,4.065901085018174,4.065901085018174,0.0,True
finals,10,10,pooled_id_correct,16.54831025100022,16.54831025100022,0.0,True
finals,10,10,pooled_id_incorrect,20.47782445551661,20.47782445551661,0.0,True
finals,10,10,pooled_delta_id,3.929514204516396,3.929514204516395,-8.88178419700125e-16,True
finals,10,20,pooled_id_correct,15.890397196906031,15.890397196906031,0.0,True
finals,10,20,pooled_id_incorrect,20.39102574923168,20.391025749231677,-4e-15,True
finals,10,20,pooled_delta_id,4.500628552325646,4.500628552325646,8.88178419700125e-16,True
finals,11,10,pooled_id_correct,16.56359606415683,16.56359606415683,0.0,True
finals,11,10,pooled_id_incorrect,20.62121300795125,20.621213007951255,4e-15,True
finals,11,10,pooled_delta_id,4.057616943794424,4.057616943794424,0.0,True
finals,11,20,pooled_id_correct,15.826241115443638,15.826241115443638,0.0,True
finals,11,20,pooled_id_incorrect,20.624464737723624,20.624464737723624,0.0,True
finals,11,20,pooled_delta_id,4.79822362227999,4.79822362227999,0.0,True
finals,12,10,pooled_id_correct,16.21674682832809,16.21674682832809,0.0,True
finals,12,10,pooled_id_incorrect,20.71453535276297,20.71453535276297,0.0,True
finals,12,10,pooled_delta_id,4.49778852443487,4.49778852443487,0.0,True
finals,12,20,pooled_id_correct,15.5858024061919,15.5858024061919,0.0,True
finals,12,20,pooled_id_incorrect,20.79550625311901,20.795506253119015,4e-15,True
finals,12,20,pooled_delta_id,5.209703846927113,5.209703846927114,2e-15,True
finals,13,10,pooled_id_correct,15.999313557204154,15.999313557204154,0.0,True
finals,13,10,pooled_id_incorrect,20.78512718455079,20.78512718455079,0.0,True
finals,13,10,pooled_delta_id,4.78581362734664,4.785813627346638,-2e-15,True
finals,13,20,pooled_id_correct,15.44292351485473,15.44292351485473,0.0,True
finals,13,20,pooled_id_incorrect,20.924280448190537,20.924280448190537,0.0,True
finals,13,20,pooled_delta_id,5.481356933335809,5.481356933335809,-8.88178419700125e-16,True
finals,14,10,pooled_id_correct,15.734961862008602,15.734961862008602,0.0,True
finals,14,10,pooled_id_incorrect,20.786751243724243,20.786751243724243,0.0,True
finals,14,10,pooled_delta_id,5.051789381715639,5.051789381715639,0.0,True
finals,14,20,pooled_id_correct,15.287031844728848,15.287031844728848,0.0,True
finals,14,20,pooled_id_incorrect,20.860110661514412,20.860110661514415,4e-15,True
finals,14,20,pooled_delta_id,5.57307881678557,5.573078816785573,3.0000000000000002e-15,True
finals,15,10,pooled_id_correct,15.96140671361308,15.96140671361308,0.0,True
finals,15,10,pooled_id_incorrect,21.01216336861777,21.012163368617774,4e-15,True
finals,15,10,pooled_delta_id,5.050756655004696,5.050756655004695,-8.88178419700125e-16,True
finals,15,20,pooled_id_correct,15.155065313275609,15.155065313275609,0.0,True
finals,15,20,pooled_id_incorrect,21.088901415363853,21.088901415363853,0.0,True
finals,15,20,pooled_delta_id,5.933836102088245,5.933836102088244,-8.88178419700125e-16,True
finals,16,10,pooled_id_correct,15.656265208786088,15.656265208786087,-2e-15,True
finals,16,10,pooled_id_incorrect,21.129944683932795,21.129944683932795,0.0,True
finals,16,10,pooled_delta_id,5.473679475146709,5.473679475146709,0.0,True
finals,16,20,pooled_id_correct,14.997113602132345,14.997113602132345,0.0,True
finals,16,20,pooled_id_incorrect,21.264711164027997,21.264711164027993,-4e-15,True
finals,16,20,pooled_delta_id,6.267597561895649,6.267597561895651,2e-15,True
finals,17,10,pooled_id_correct,15.521874104276916,15.521874104276916,0.0,True
finals,17,10,pooled_id_incorrect,21.131349888352972,21.131349888352975,4e-15,True
finals,17,10,pooled_delta_id,5.609475784076058,5.609475784076058,0.0,True
finals,17,20,pooled_id_correct,14.891379428679825,14.891379428679825,0.0,True
finals,17,20,pooled_id_incorrect,21.23751400594358,21.23751400594358,0.0,True
finals,17,20,pooled_delta_id,6.346134577263757,6.346134577263757,0.0,True
finals,18,10,pooled_id_correct,15.601190251404608,15.601190251404608,0.0,True
finals,18,10,pooled_id_incorrect,21.16612103792501,21.16612103792501,0.0,True
finals,18,10,pooled_delta_id,5.5649307865204,5.564930786520403,3.0000000000000002e-15,True
finals,18,20,pooled_id_correct,15.01781740325061,15.01781740325061,0.0,True
finals,18,20,pooled_id_incorrect,21.248284531970818,21.248284531970818,0.0,True
finals,18,20,pooled_delta_id,6.230467128720208,6.230467128720204,-4e-15,True
finals,19,10,pooled_id_correct,15.7794660898748,15.7794660898748,0.0,True
finals,19,10,pooled_id_incorrect,21.257801914630743,21.257801914630743,0.0,True
finals,19,10,pooled_delta_id,5.478335824755946,5.478335824755945,-8.88178419700125e-16,True
finals,19,20,pooled_id_correct,15.032531600504331,15.032531600504331,0.0,True
finals,19,20,pooled_id_incorrect,21.29433211765712,21.294332117657117,-4e-15,True
finals,19,20,pooled_delta_id,6.261800517152782,6.261800517152786,4e-15,True
finals,20,10,pooled_id_correct,15.910747826108656,15.910747826108656,0.0,True
finals,20,10,pooled_id_incorrect,21.44010547896132,21.44010547896132,0.0,True
finals,20,10,pooled_delta_id,5.529357652852669,5.529357652852669,0.0,True
finals,20,20,pooled_id_correct,15.213568094171851,15.213568094171853,2e-15,True
finals,20,20,pooled_id_incorrect,21.511476964094705,21.511476964094705,0.0,True
finals,20,20,pooled_delta_id,6.297908869922849,6.297908869922852,3.0000000000000002e-15,True
finals,21,10,pooled_id_correct,16.176203442272186,16.176203442272186,0.0,True
finals,21,10,pooled_id_incorrect,21.63261806907743,21.63261806907743,0.0,True
finals,21,10,pooled_delta_id,5.456414626805247,5.456414626805249,2e-15,True
finals,21,20,pooled_id_correct,15.226248048871186,15.226248048871186,0.0,True
finals,21,20,pooled_id_incorrect,21.629087478632893,21.629087478632893,0.0,True
finals,21,20,pooled_delta_id,6.402839429761714,6.402839429761711,-4e-15,True
finals,22,10,pooled_id_correct,16.184624059383683,16.184624059383683,0.0,True
finals,22,10,pooled_id_incorrect,21.89772222923981,21.89772222923981,0.0,True
finals,22,10,pooled_delta_id,5.713098169856126,5.713098169856128,2e-15,True
finals,22,20,pooled_id_correct,15.161987457755762,15.161987457755762,0.0,True
finals,22,20,pooled_id_incorrect,21.919987195875265,21.919987195875265,0.0,True
finals,22,20,pooled_delta_id,6.757999738119504,6.757999738119504,0.0,True
finals,23,10,pooled_id_correct,16.300360487005563,16.300360487005563,0.0,True
finals,23,10,pooled_id_incorrect,22.095355390912324,22.095355390912324,0.0,True
finals,23,10,pooled_delta_id,5.794994903906764,5.794994903906763,-8.88178419700125e-16,True
finals,23,20,pooled_id_correct,15.286695546545284,15.286695546545285,2e-15,True
finals,23,20,pooled_id_incorrect,22.07008499841429,22.070084998414295,4e-15,True
finals,23,20,pooled_delta_id,6.783389451869012,6.783389451869007,-5.000000000000001e-15,True
finals,24,10,pooled_id_correct,16.514610680874878,16.514610680874878,0.0,True
finals,24,10,pooled_id_incorrect,22.58872829690666,22.58872829690666,0.0,True
finals,24,10,pooled_delta_id,6.074117616031774,6.074117616031775,8.88178419700125e-16,True
finals,24,20,pooled_id_correct,15.34142276404594,15.341422764045939,-2e-15,True
finals,24,20,pooled_id_incorrect,22.54719418732471,22.54719418732471,0.0,True
finals,24,20,pooled_delta_id,7.205771423278774,7.205771423278776,2e-15,True
finals,25,10,pooled_id_correct,16.360325747561657,16.360325747561657,0.0,True
finals,25,10,pooled_id_incorrect,22.814788078847343,22.814788078847346,4e-15,True
finals,25,10,pooled_delta_id,6.454462331285689,6.454462331285687,-2e-15,True
finals,25,20,pooled_id_correct,15.356598179157706,15.356598179157706,0.0,True
finals,25,20,pooled_id_incorrect,22.526853362928705,22.526853362928705,0.0,True
finals,25,20,pooled_delta_id,7.170255183771003,7.170255183771004,8.88178419700125e-16,True
finals,26,10,pooled_id_correct,16.5226876938017,16.5226876938017,0.0,True
finals,26,10,pooled_id_incorrect,22.7660784577589,22.7660784577589,0.0,True
finals,26,10,pooled_delta_id,6.2433907639572,6.2433907639572,-8.88178419700125e-16,True
finals,26,20,pooled_id_correct,15.728947614375436,15.728947614375436,0.0,True
finals,26,20,pooled_id_incorrect,22.54510065107063,22.54510065107063,0.0,True
finals,26,20,pooled_delta_id,6.816153036695194,6.816153036695195,8.88178419700125e-16,True
finals,27,10,pooled_id_correct,16.951580309019374,16.951580309019374,0.0,True
finals,27,10,pooled_id_incorrect,23.358078034742896,23.358078034742896,0.0,True
finals,27,10,pooled_delta_id,6.40649772572352,6.406497725723519,-8.88178419700125e-16,True
finals,27,20,pooled_id_correct,15.949784723343466,15.949784723343466,0.0,True
finals,27,20,pooled_id_incorrect,22.977807883109577,22.977807883109577,0.0,True
finals,27,20,pooled_delta_id,7.028023159766115,7.028023159766112,-4e-15,True
finals,28,10,pooled_id_correct,14.159543155371942,14.159543155371942,0.0,True
finals,28,10,pooled_id_incorrect,21.91769495743572,21.917694957435717,-4e-15,True
finals,28,10,pooled_delta_id,7.758151802063774,7.758151802063775,8.88178419700125e-16,True
finals,28,20,pooled_id_correct,12.201600897780963,12.201600897780963,0.0,True
finals,28,20,pooled_id_incorrect,18.674703323099678,18.674703323099674,-4e-15,True
finals,28,20,pooled_delta_id,6.473102425318703,6.473102425318706,4e-15,True
finals,29,10,pooled_id_correct,15.2517422854447,15.251742285444701,2e-15,True
finals,29,10,pooled_id_incorrect,22.33082843401311,22.33082843401311,0.0,True
finals,29,10,pooled_delta_id,7.079086148568408,7.079086148568408,0.0,True
finals,29,20,pooled_id_correct,13.331727079817494,13.331727079817494,0.0,True
finals,29,20,pooled_id_incorrect,19.86519623097563,19.86519623097563,0.0,True
finals,29,20,pooled_delta_id,6.53346915115814,6.53346915115814,-8.88178419700125e-16,True
finals,30,10,pooled_id_correct,17.075199299805323,17.075199299805323,0.0,True
finals,30,10,pooled_id_incorrect,24.61785699154852,24.61785699154852,0.0,True
finals,30,10,pooled_delta_id,7.542657691743195,7.542657691743195,0.0,True
finals,30,20,pooled_id_correct,14.631481475959651,14.631481475959651,0.0,True
finals,30,20,pooled_id_incorrect,22.332187084097317,22.332187084097313,-4e-15,True
finals,30,20,pooled_delta_id,7.700705608137658,7.70070560813766,2e-15,True
finals,31,10,pooled_id_correct,17.23886537265201,17.23886537265201,0.0,True
finals,31,10,pooled_id_incorrect,24.353765439988923,24.353765439988923,0.0,True
finals,31,10,pooled_delta_id,7.114900067336907,7.11490006733691,3.0000000000000002e-15,True
finals,31,20,pooled_id_correct,16.386282869439746,16.386282869439746,0.0,True
finals,31,20,pooled_id_incorrect,23.3055618106468,23.305561810646797,-4e-15,True
finals,31,20,pooled_delta_id,6.919278941207051,6.919278941207051,0.0,True
pre_last,0,10,pooled_id_correct,12.257458744257972,12.257458744257972,0.0,True
pre_last,0,10,pooled_id_incorrect,14.162849581639874,14.162849581639874,0.0,True
pre_last,0,10,pooled_delta_id,1.905390837381901,1.9053908373819,-8.88178419700125e-16,True
pre_last,0,20,pooled_id_correct,10.723230206576533,10.723230206576533,0.0,True
pre_last,0,20,pooled_id_incorrect,11.888057560889184,11.888057560889184,0.0,True
pre_last,0,20,pooled_delta_id,1.164827354312651,1.16482735431265,-2.2204460492503099e-16,True
pre_last,1,10,pooled_id_correct,11.321822766717355,11.321822766717357,2e-15,True
pre_last,1,10,pooled_id_incorrect,13.084893363163816,13.084893363163815,-2e-15,True
pre_last,1,10,pooled_delta_id,1.763070596446458,1.763070596446458,-4.44089209850063e-16,True
pre_last,1,20,pooled_id_correct,9.828843859457717,9.828843859457715,-2e-15,True
pre_last,1,20,pooled_id_incorrect,10.82451888952208,10.824518889522079,-2e-15,True
pre_last,1,20,pooled_delta_id,0.9956750300643651,0.9956750300643661,2.2204460492503099e-16,True
pre_last,2,10,pooled_id_correct,10.735128914434434,10.735128914434434,0.0,True
pre_last,2,10,pooled_id_incorrect,12.48363594944789,12.48363594944789,0.0,True
pre_last,2,10,pooled_delta_id,1.748507035013458,1.748507035013458,-2.2204460492503099e-16,True
pre_last,2,20,pooled_id_correct,9.42577089348386,9.42577089348386,0.0,True
pre_last,2,20,pooled_id_incorrect,10.678096462887334,10.678096462887334,0.0,True
pre_last,2,20,pooled_delta_id,1.252325569403475,1.252325569403474,-2.2204460492503099e-16,True
pre_last,3,10,pooled_id_correct,10.17980420941127,10.17980420941127,0.0,True
pre_last,3,10,pooled_id_incorrect,12.603668695763822,12.603668695763822,0.0,True
pre_last,3,10,pooled_delta_id,2.423864486352556,2.423864486352555,-8.88178419700125e-16,True
pre_last,3,20,pooled_id_correct,9.393268406075402,9.393268406075402,0.0,True
pre_last,3,20,pooled_id_incorrect,11.036681119039754,11.036681119039754,0.0,True
pre_last,3,20,pooled_delta_id,1.643412712964352,1.643412712964353,4.44089209850063e-16,True
pre_last,4,10,pooled_id_correct,9.91494068427965,9.91494068427965,0.0,True
pre_last,4,10,pooled_id_incorrect,12.792971651021178,12.792971651021178,0.0,True
pre_last,4,10,pooled_delta_id,2.878030966741526,2.878030966741526,4.44089209850063e-16,True
pre_last,4,20,pooled_id_correct,9.289355137097282,9.289355137097282,0.0,True
pre_last,4,20,pooled_id_incorrect,11.358497694493122,11.358497694493122,0.0,True
pre_last,4,20,pooled_delta_id,2.069142557395841,2.069142557395841,4.44089209850063e-16,True
pre_last,5,10,pooled_id_correct,10.101032815235268,10.101032815235268,0.0,True
pre_last,5,10,pooled_id_incorrect,12.583908052541982,12.583908052541982,0.0,True
pre_last,5,10,pooled_delta_id,2.482875237306719,2.482875237306717,-1e-15,True
pre_last,5,20,pooled_id_correct,9.643771473465629,9.643771473465627,-2e-15,True
pre_last,5,20,pooled_id_incorrect,11.436385754213624,11.436385754213624,0.0,True
pre_last,5,20,pooled_delta_id,1.7926142807479999,1.7926142807479981,-2e-15,True
pre_last,6,10,pooled_id_correct,10.280547331175027,10.280547331175029,2e-15,True
pre_last,6,10,pooled_id_incorrect,12.690743676123066,12.690743676123066,0.0,True
pre_last,6,10,pooled_delta_id,2.410196344948035,2.410196344948034,-4.44089209850063e-16,True
pre_last,6,20,pooled_id_correct,9.878119345598732,9.878119345598732,0.0,True
pre_last,6,20,pooled_id_incorrect,11.7344378133736,11.734437813373601,2e-15,True
pre_last,6,20,pooled_delta_id,1.856318467774869,1.856318467774868,-4.44089209850063e-16,True
pre_last,7,10,pooled_id_correct,10.320600568142696,10.320600568142696,0.0,True
pre_last,7,10,pooled_id_incorrect,13.23477363845695,13.23477363845695,0.0,True
pre_last,7,10,pooled_delta_id,2.914173070314256,2.914173070314256,0.0,True
pre_last,7,20,pooled_id_correct,10.096770848953254,10.096770848953254,0.0,True
pre_last,7,20,pooled_id_incorrect,12.232778758571438,12.232778758571438,0.0,True
pre_last,7,20,pooled_delta_id,2.136007909618181,2.136007909618181,4.44089209850063e-16,True
pre_last,8,10,pooled_id_correct,10.670569538064672,10.670569538064672,0.0,True
pre_last,8,10,pooled_id_incorrect,13.662678331024022,13.662678331024022,0.0,True
pre_last,8,10,pooled_delta_id,2.992108792959352,2.992108792959351,-1e-15,True
pre_last,8,20,pooled_id_correct,10.154958374565114,10.154958374565114,0.0,True
pre_last,8,20,pooled_id_incorrect,12.722938540913482,12.722938540913482,0.0,True
pre_last,8,20,pooled_delta_id,2.567980166348371,2.567980166348371,-4.44089209850063e-16,True
pre_last,9,10,pooled_id_correct,10.577739371546162,10.577739371546162,0.0,True
pre_last,9,10,pooled_id_incorrect,13.980877878131016,13.980877878131015,-2e-15,True
pre_last,9,10,pooled_delta_id,3.403138506584855,3.403138506584854,-8.88178419700125e-16,True
pre_last,9,20,pooled_id_correct,10.082528704414417,10.082528704414415,-2e-15,True
pre_last,9,20,pooled_id_incorrect,13.058871167849013,13.058871167849013,0.0,True
pre_last,9,20,pooled_delta_id,2.976342463434598,2.976342463434598,8.88178419700125e-16,True
pre_last,10,10,pooled_id_correct,10.526116727433118,10.526116727433118,0.0,True
pre_last,10,10,pooled_id_incorrect,14.399137150301051,14.399137150301051,0.0,True
pre_last,10,10,pooled_delta_id,3.8730204228679312,3.8730204228679312,0.0,True
pre_last,10,20,pooled_id_correct,10.292236980112357,10.292236980112357,0.0,True
pre_last,10,20,pooled_id_incorrect,13.470813858113257,13.470813858113255,-2e-15,True
pre_last,10,20,pooled_delta_id,3.178576878000902,3.178576878000902,-4.44089209850063e-16,True
pre_last,11,10,pooled_id_correct,11.199102051281104,11.199102051281105,2e-15,True
pre_last,11,10,pooled_id_incorrect,14.817200112858773,14.817200112858773,0.0,True
pre_last,11,10,pooled_delta_id,3.6180980615776672,3.618098061577666,-8.88178419700125e-16,True
pre_last,11,20,pooled_id_correct,10.688470374674546,10.688470374674546,0.0,True
pre_last,11,20,pooled_id_incorrect,14.000995422449376,14.000995422449376,0.0,True
pre_last,11,20,pooled_delta_id,3.312525047774832,3.312525047774831,-8.88178419700125e-16,True
pre_last,12,10,pooled_id_correct,10.831777157763982,10.831777157763982,0.0,True
pre_last,12,10,pooled_id_incorrect,15.092475710843848,15.092475710843848,0.0,True
pre_last,12,10,pooled_delta_id,4.260698553079865,4.260698553079865,0.0,True
pre_last,12,20,pooled_id_correct,10.791464188961678,10.791464188961678,0.0,True
pre_last,12,20,pooled_id_incorrect,14.151773643433437,14.151773643433437,0.0,True
pre_last,12,20,pooled_delta_id,3.3603094544717598,3.360309454471758,-2e-15,True
pre_last,13,10,pooled_id_correct,11.224644715352316,11.224644715352317,2e-15,True
pre_last,13,10,pooled_id_incorrect,15.491779868731596,15.491779868731596,0.0,True
pre_last,13,10,pooled_delta_id,4.267135153379277,4.26713515337928,4e-15,True
pre_last,13,20,pooled_id_correct,10.799138854251716,10.799138854251717,2e-15,True
pre_last,13,20,pooled_id_incorrect,14.458619475439924,14.458619475439923,-2e-15,True
pre_last,13,20,pooled_delta_id,3.6594806211882043,3.659480621188205,8.88178419700125e-16,True
pre_last,14,10,pooled_id_correct,10.802467999302468,10.802467999302467,-2e-15,True
pre_last,14,10,pooled_id_incorrect,15.49228396195908,15.49228396195908,0.0,True
pre_last,14,10,pooled_delta_id,4.689815962656612,4.689815962656612,-8.88178419700125e-16,True
pre_last,14,20,pooled_id_correct,10.63499465117006,10.634994651170059,-2e-15,True
pre_last,14,20,pooled_id_incorrect,14.510135969992676,14.510135969992676,0.0,True
pre_last,14,20,pooled_delta_id,3.875141318822617,3.875141318822616,-4.44089209850063e-16,True
pre_last,15,10,pooled_id_correct,10.908616608825264,10.908616608825264,0.0,True
pre_last,15,10,pooled_id_incorrect,15.414906742662945,15.414906742662943,-2e-15,True
pre_last,15,10,pooled_delta_id,4.506290133837681,4.506290133837683,2e-15,True
pre_last,15,20,pooled_id_correct,10.559193317129388,10.559193317129388,0.0,True
pre_last,15,20,pooled_id_incorrect,14.505361027624929,14.505361027624929,0.0,True
pre_last,15,20,pooled_delta_id,3.94616771049554,3.946167710495542,1e-15,True
pre_last,16,10,pooled_id_correct,10.907850559305404,10.907850559305405,2e-15,True
pre_last,16,10,pooled_id_incorrect,15.282531614902004,15.282531614902004,0.0,True
pre_last,16,10,pooled_delta_id,4.3746810555965965,4.3746810555965965,0.0,True
pre_last,16,20,pooled_id_correct,10.39855554695724,10.398555546957239,-2e-15,True
pre_last,16,20,pooled_id_incorrect,14.484053598647476,14.484053598647476,0.0,True
pre_last,16,20,pooled_delta_id,4.085498051690235,4.085498051690236,8.88178419700125e-16,True
pre_last,17,10,pooled_id_correct,10.660879013581985,10.660879013581985,0.0,True
pre_last,17,10,pooled_id_incorrect,15.188622681564096,15.188622681564096,0.0,True
pre_last,17,10,pooled_delta_id,4.527743667982114,4.527743667982112,-2e-15,True
pre_last,17,20,pooled_id_correct,9.938221031017864,9.938221031017864,0.0,True
pre_last,17,20,pooled_id_incorrect,14.382066831812796,14.382066831812795,-2e-15,True
pre_last,17,20,pooled_delta_id,4.443845800794931,4.44384580079493,-8.88178419700125e-16,True
pre_last,18,10,pooled_id_correct,10.281050859647287,10.281050859647287,0.0,True
pre_last,18,10,pooled_id_incorrect,15.154845843715824,15.154845843715824,0.0,True
pre_last,18,10,pooled_delta_id,4.873794984068536,4.873794984068538,2e-15,True
pre_last,18,20,pooled_id_correct,9.6357506317827,9.6357506317827,0.0,True
pre_last,18,20,pooled_id_incorrect,14.20160154685309,14.20160154685309,0.0,True
pre_last,18,20,pooled_delta_id,4.565850915070389,4.56585091507039,8.88178419700125e-16,True
pre_last,19,10,pooled_id_correct,10.037377782179073,10.037377782179071,-2e-15,True
pre_last,19,10,pooled_id_incorrect,15.578137551319452,15.578137551319452,0.0,True
pre_last,19,10,pooled_delta_id,5.540759769140385,5.540759769140383,-2e-15,True
pre_last,19,20,pooled_id_correct,9.39960032481905,9.39960032481905,0.0,True
pre_last,19,20,pooled_id_incorrect,14.292100741837864,14.292100741837865,2e-15,True
pre_last,19,20,pooled_delta_id,4.892500417018817,4.892500417018817,0.0,True
pre_last,20,10,pooled_id_correct,9.933055751419063,9.933055751419063,0.0,True
pre_last,20,10,pooled_id_incorrect,15.720831734743289,15.720831734743289,0.0,True
pre_last,20,10,pooled_delta_id,5.787775983324228,5.787775983324226,-3.0000000000000002e-15,True
pre_last,20,20,pooled_id_correct,9.23672483914881,9.23672483914881,0.0,True
pre_last,20,20,pooled_id_incorrect,14.370647835714609,14.370647835714609,0.0,True
pre_last,20,20,pooled_delta_id,5.133922996565803,5.1339229965658,-4e-15,True
pre_last,21,10,pooled_id_correct,9.752465015196975,9.752465015196977,2e-15,True
pre_last,21,10,pooled_id_incorrect,15.698977745581226,15.698977745581226,0.0,True
pre_last,21,10,pooled_delta_id,5.946512730384248,5.946512730384248,0.0,True
pre_last,21,20,pooled_id_correct,9.18931485859034,9.18931485859034,0.0,True
pre_last,21,20,pooled_id_incorrect,14.333022991470411,14.333022991470413,2e-15,True
pre_last,21,20,pooled_delta_id,5.143708132880073,5.143708132880074,8.88178419700125e-16,True
pre_last,22,10,pooled_id_correct,9.35243951964222,9.352439519642221,2e-15,True
pre_last,22,10,pooled_id_incorrect,15.901803041532707,15.901803041532707,0.0,True
pre_last,22,10,pooled_delta_id,6.5493635218904895,6.549363521890487,-4e-15,True
pre_last,22,20,pooled_id_correct,9.291950844347271,9.291950844347273,2e-15,True
pre_last,22,20,pooled_id_incorrect,14.610223002974076,14.610223002974076,0.0,True
pre_last,22,20,pooled_delta_id,5.3182721586268045,5.318272158626802,-2e-15,True
pre_last,23,10,pooled_id_correct,9.05218687548953,9.05218687548953,0.0,True
pre_last,23,10,pooled_id_incorrect,16.252314499894286,16.252314499894286,0.0,True
pre_last,23,10,pooled_delta_id,7.200127624404756,7.200127624404756,0.0,True
pre_last,23,20,pooled_id_correct,9.585236222670886,9.585236222670886,0.0,True
pre_last,23,20,pooled_id_incorrect,15.018168166403449,15.018168166403447,-2e-15,True
pre_last,23,20,pooled_delta_id,5.432931943732559,5.432931943732559,0.0,True
pre_last,24,10,pooled_id_correct,9.305535356470427,9.305535356470427,0.0,True
pre_last,24,10,pooled_id_incorrect,16.974767193323547,16.974767193323547,0.0,True
pre_last,24,10,pooled_delta_id,7.669231836853113,7.6692318368531165,3.0000000000000002e-15,True
pre_last,24,20,pooled_id_correct,10.146114651238465,10.146114651238465,0.0,True
pre_last,24,20,pooled_id_incorrect,15.775616935580327,15.775616935580327,0.0,True
pre_last,24,20,pooled_delta_id,5.629502284341863,5.62950228434186,-4e-15,True
pre_last,25,10,pooled_id_correct,9.274645578233947,9.274645578233947,0.0,True
pre_last,25,10,pooled_id_incorrect,17.112050720709416,17.112050720709416,0.0,True
pre_last,25,10,pooled_delta_id,7.837405142475472,7.837405142475471,-8.88178419700125e-16,True
pre_last,25,20,pooled_id_correct,10.131944886660154,10.131944886660154,0.0,True
pre_last,25,20,pooled_id_incorrect,16.03601305320696,16.03601305320696,0.0,True
pre_last,25,20,pooled_delta_id,5.904068166546808,5.904068166546809,8.88178419700125e-16,True
pre_last,26,10,pooled_id_correct,9.6267139857983,9.6267139857983,0.0,True
pre_last,26,10,pooled_id_incorrect,17.410098776263723,17.410098776263723,0.0,True
pre_last,26,10,pooled_delta_id,7.783384790465418,7.783384790465419,8.88178419700125e-16,True
pre_last,26,20,pooled_id_correct,10.032732348386286,10.032732348386286,0.0,True
pre_last,26,20,pooled_id_incorrect,16.23916272467355,16.23916272467355,0.0,True
pre_last,26,20,pooled_delta_id,6.206430376287264,6.2064303762872655,8.88178419700125e-16,True
pre_last,27,10,pooled_id_correct,10.096539271027098,10.096539271027098,0.0,True
pre_last,27,10,pooled_id_incorrect,17.478962900463422,17.478962900463422,0.0,True
pre_last,27,10,pooled_delta_id,7.382423629436322,7.382423629436326,4e-15,True
pre_last,27,20,pooled_id_correct,10.163808313605228,10.163808313605227,-2e-15,True
pre_last,27,20,pooled_id_incorrect,16.425866391968636,16.425866391968636,0.0,True
pre_last,27,20,pooled_delta_id,6.262058078363408,6.262058078363407,-8.88178419700125e-16,True
pre_last,28,10,pooled_id_correct,10.307127706912269,10.307127706912267,-2e-15,True
pre_last,28,10,pooled_id_incorrect,17.2752458709522,17.2752458709522,0.0,True
pre_last,28,10,pooled_delta_id,6.96811816403993,6.968118164039932,8.88178419700125e-16,True
pre_last,28,20,pooled_id_correct,10.751881541391787,10.751881541391787,0.0,True
pre_last,28,20,pooled_id_incorrect,15.645695805179612,15.645695805179612,0.0,True
pre_last,28,20,pooled_delta_id,4.893814263787822,4.893814263787823,8.88178419700125e-16,True
pre_last,29,10,pooled_id_correct,9.884585928899249,9.884585928899249,0.0,True
pre_last,29,10,pooled_id_incorrect,17.001445272336955,17.001445272336955,0.0,True
pre_last,29,10,pooled_delta_id,7.116859343437701,7.116859343437702,8.88178419700125e-16,True
pre_last,29,20,pooled_id_correct,10.542324309812882,10.542324309812882,0.0,True
pre_last,29,20,pooled_id_incorrect,15.412550363521158,15.412550363521158,0.0,True
pre_last,29,20,pooled_delta_id,4.870226053708273,4.870226053708274,8.88178419700125e-16,True
pre_last,30,10,pooled_id_correct,9.733660705620322,9.733660705620322,0.0,True
pre_last,30,10,pooled_id_incorrect,16.803989824822732,16.803989824822732,0.0,True
pre_last,30,10,pooled_delta_id,7.070329119202408,7.070329119202411,3.0000000000000002e-15,True
pre_last,30,20,pooled_id_correct,10.17288938415524,10.17288938415524,0.0,True
pre_last,30,20,pooled_id_incorrect,15.07466203352243,15.07466203352243,0.0,True
pre_last,30,20,pooled_delta_id,4.901772649367189,4.901772649367189,0.0,True
pre_last,31,10,pooled_id_correct,9.624208041662962,9.624208041662962,0.0,True
pre_last,31,10,pooled_id_incorrect,17.87954989336513,17.87954989336513,0.0,True
pre_last,31,10,pooled_delta_id,8.25534185170217,8.255341851702166,-4e-15,True
pre_last,31,20,pooled_id_correct,10.275487400338896,10.275487400338895,-2e-15,True
pre_last,31,20,pooled_id_incorrect,16.488007844876442,16.488007844876442,0.0,True
pre_last,31,20,pooled_delta_id,6.212520444537552,6.212520444537551,-8.88178419700125e-16,True
