window,control,condition,n_problems,CC_mean,II_mean,gap_mean,gap_median,fraction_CC_closer
L00,endpoint_equality,reference_same_problems,88,0.6580541935649119,1.0348471618201658,0.376792968255254,0.3793510138861622,0.8409090909090909
L00,endpoint_equality,adjusted,88,0.6906291295347505,0.7565628526453455,0.06593372311059498,0.05006442522783716,0.7272727272727273
L00,endpoint_identity,reference_same_problems,68,0.6263701278705633,1.014021686136682,0.3876515582661189,0.3975068825821623,0.8970588235294118
L00,endpoint_identity,adjusted,68,0.5665915478655981,0.6315914843941287,0.06499993652853084,0.03165606767405178,0.7794117647058824
L00,endpoint_identity_suffix,reference_same_problems,60,0.6277616471497672,1.0120590348428353,0.38429738769306815,0.3793510138861622,0.9
L00,endpoint_identity_suffix,adjusted,60,0.6602783127760297,0.6740136226321141,0.013735309856084605,0.009873392242200518,0.6333333333333333
L01,endpoint_equality,reference_same_problems,88,0.6839384059979765,1.051879171247055,0.3679407652490783,0.38286122619556456,0.8295454545454546
L01,endpoint_equality,adjusted,88,0.7161860332748312,0.7875833558225203,0.0713973225476889,0.04630092568762323,0.7386363636363636
L01,endpoint_identity,reference_same_problems,68,0.6570498122035673,1.0332489680787487,0.3761991558751814,0.3937122199499387,0.8676470588235294
L01,endpoint_identity,adjusted,68,0.5971819995195022,0.6724133432510218,0.07523134373151945,0.04568882520809511,0.7941176470588235
L01,endpoint_identity_suffix,reference_same_problems,60,0.6561464517648693,1.0316655828895758,0.37551913112470636,0.39220747663893946,0.8666666666666667
L01,endpoint_identity_suffix,adjusted,60,0.6884970051459888,0.705676574565631,0.017179569419642514,0.014370316239814107,0.6333333333333333
L02,endpoint_equality,reference_same_problems,88,0.6972726042006574,1.0622958436736831,0.3650232394730258,0.36223853754803387,0.8522727272727273
L02,endpoint_equality,adjusted,88,0.7289878746143235,0.8149664065369356,0.08597853192261212,0.05601086144095058,0.75
L02,endpoint_identity,reference_same_problems,68,0.6742075585130444,1.0443498111912768,0.37014225267823253,0.3960965433152247,0.8823529411764706
L02,endpoint_identity,adjusted,68,0.6161226642916251,0.7022173478710076,0.08609468357938256,0.062075874448757284,0.7352941176470589
L02,endpoint_identity_suffix,reference_same_problems,60,0.6738395194085114,1.04316609942953,0.36932658002101876,0.3960965433152247,0.8833333333333333
L02,endpoint_identity_suffix,adjusted,60,0.706771388730214,0.7300402923072918,0.02326890357707794,0.01630104310354391,0.65
L03,endpoint_equality,reference_same_problems,88,0.710565532829648,1.0715844311099711,0.36101889828032313,0.3469766305189277,0.8522727272727273
L03,endpoint_equality,adjusted,88,0.7410512930228166,0.839097226795348,0.09804593377253147,0.07011345705939226,0.8068181818181818
L03,endpoint_identity,reference_same_problems,68,0.6896658265902189,1.0542907121666074,0.36462488557638867,0.37705371235206764,0.8676470588235294
L03,endpoint_identity,adjusted,68,0.6337171489604316,0.7296245130866904,0.0959073641262587,0.07133760884761389,0.8088235294117647
L03,endpoint_identity_suffix,reference_same_problems,60,0.6885070871305032,1.053483828744095,0.3649767416135917,0.37705371235206764,0.8666666666666667
L03,endpoint_identity_suffix,adjusted,60,0.720962715022877,0.7523679196339897,0.03140520461111275,0.02560651158401614,0.7
L04,endpoint_equality,reference_same_problems,88,0.729550771378438,1.0891532582920054,0.35960248691356744,0.34616382884955627,0.8636363636363636
L04,endpoint_equality,adjusted,88,0.7591036798101114,0.8718365507080535,0.1127328708979422,0.0860437837623998,0.7954545454545454
L04,endpoint_identity,reference_same_problems,68,0.7112386544769868,1.0719085724566637,0.36066991797967674,0.37211171474061244,0.8676470588235294
L04,endpoint_identity,adjusted,68,0.6578462660147427,0.7628063541695618,0.10496008815481905,0.08100103955839952,0.75
L04,endpoint_identity_suffix,reference_same_problems,60,0.7093699172670791,1.071143257847687,0.3617733405806079,0.37211171474061244,0.8666666666666667
L04,endpoint_identity_suffix,adjusted,60,0.7423579223593987,0.7827702443761045,0.040412322016705735,0.028963033886751532,0.6666666666666666
L05,endpoint_equality,reference_same_problems,88,0.739706204491272,1.0942780302577,0.3545718257664281,0.3478197773922634,0.8636363636363636
L05,endpoint_equality,adjusted,88,0.7682737019876676,0.8876896175687399,0.1194159155810722,0.10138766904209429,0.8068181818181818
L05,endpoint_identity,reference_same_problems,68,0.7223559553591183,1.0777172207129464,0.35536126535382817,0.36569598912423945,0.8676470588235294
L05,endpoint_identity,adjusted,68,0.6720016407590217,0.783759223455501,0.11175758269647929,0.09630050971805132,0.75
L05,endpoint_identity_suffix,reference_same_problems,60,0.7200918273905256,1.0774374208125408,0.3573455934220153,0.36745897501817315,0.8666666666666667
L05,endpoint_identity_suffix,adjusted,60,0.752261598269582,0.800192678194319,0.047931079924736844,0.037117474004429774,0.6833333333333333
L06,endpoint_equality,reference_same_problems,88,0.7400173758886343,1.0970862531171255,0.35706887722849134,0.3525300197286532,0.8636363636363636
L06,endpoint_equality,adjusted,88,0.7672628978389476,0.9006123910498771,0.1333494932109294,0.12279159310815288,0.8409090909090909
L06,endpoint_identity,reference_same_problems,68,0.7235627069919869,1.0803160133456153,0.3567533063536287,0.3681863734510462,0.8676470588235294
L06,endpoint_identity,adjusted,68,0.6758814414850838,0.795696475799109,0.11981503431402535,0.10318641673495324,0.7205882352941176
L06,endpoint_identity_suffix,reference_same_problems,60,0.7201854237940573,1.0798989798641705,0.35971355607011296,0.3681863734510462,0.8666666666666667
L06,endpoint_identity_suffix,adjusted,60,0.7518643290995495,0.8094350535632271,0.05757072446367762,0.045137565692200066,0.65
L07,endpoint_equality,reference_same_problems,88,0.7385987920959439,1.1014438545315484,0.36284506243560455,0.3487373926110135,0.875
L07,endpoint_equality,adjusted,88,0.764974216064407,0.9115313013097247,0.14655708524531788,0.12506669603417536,0.875
L07,endpoint_identity,reference_same_problems,68,0.7226142627713152,1.084227576036335,0.3616133132650199,0.3639781144906243,0.8823529411764706
L07,endpoint_identity,adjusted,68,0.6752852274745719,0.8031783265586014,0.12789309908402968,0.1116359533974696,0.7941176470588235
L07,endpoint_identity_suffix,reference_same_problems,60,0.7181943716776514,1.0834019172197182,0.36520754554206675,0.3639781144906243,0.8833333333333333
L07,endpoint_identity_suffix,adjusted,60,0.7485743570147759,0.813698425018236,0.06512406800346007,0.05231323052044616,0.7
L08,endpoint_equality,reference_same_problems,88,0.7387803558990047,1.1059185215427767,0.3671381656437719,0.35706570775965074,0.8977272727272727
L08,endpoint_equality,adjusted,88,0.7645840875982928,0.9218578289055592,0.15727374130726648,0.1356604036485082,0.8863636363636364
L08,endpoint_identity,reference_same_problems,68,0.7231519597280915,1.0885437205496986,0.36539176082160657,0.36938539389971203,0.9117647058823529
L08,endpoint_identity,adjusted,68,0.6771663984922988,0.8129017728145999,0.13573537432230096,0.1198817945560347,0.8088235294117647
L08,endpoint_identity_suffix,reference_same_problems,60,0.7174293286031644,1.0872478239748176,0.3698184953716533,0.36938539389971203,0.9166666666666666
L08,endpoint_identity_suffix,adjusted,60,0.7480394164001647,0.8219248366570885,0.07388542025692373,0.05522952550515969,0.7166666666666667
L09,endpoint_equality,reference_same_problems,88,0.7350185883610862,1.106029735043573,0.37101114668248675,0.37467557694304776,0.8977272727272727
L09,endpoint_equality,adjusted,88,0.760273006690335,0.9247745053299,0.16450149863956523,0.1457326351789836,0.8863636363636364
L09,endpoint_identity,reference_same_problems,68,0.7193970959614172,1.0885454453057353,0.36914834934431834,0.380619711342801,0.9117647058823529
L09,endpoint_identity,adjusted,68,0.6740216697341179,0.8114021106956458,0.13738044096152782,0.11567892536292468,0.7941176470588235
L09,endpoint_identity_suffix,reference_same_problems,60,0.7130330002053842,1.0870730652308906,0.37404006502550635,0.380619711342801,0.9166666666666666
L09,endpoint_identity_suffix,adjusted,60,0.7422699109376677,0.8194826131636518,0.07721270222598393,0.060732234405038554,0.7
L10,endpoint_equality,reference_same_problems,88,0.7382588728303268,1.1109466705294866,0.37268779769916,0.3788439375339001,0.9204545454545454
L10,endpoint_equality,adjusted,88,0.7630765027869988,0.9346828760882931,0.1716063733012945,0.14764400030759947,0.875
L10,endpoint_identity,reference_same_problems,68,0.7227695625818489,1.0940726103077774,0.3713030477259284,0.38754156283525426,0.9411764705882353
L10,endpoint_identity,adjusted,68,0.6780169308003519,0.8234111526255012,0.1453942218251493,0.11869965896074658,0.8235294117647058
L10,endpoint_identity_suffix,reference_same_problems,60,0.7156428695524163,1.0926901730562428,0.3770473035038263,0.3920364287317424,0.95
L10,endpoint_identity_suffix,adjusted,60,0.7444307216791618,0.8291442480714236,0.0847135263922619,0.06665099655497655,0.7333333333333333
L11,endpoint_equality,reference_same_problems,88,0.7318392409207832,1.1065395285610335,0.3747002876402501,0.3876895033465977,0.8977272727272727
L11,endpoint_equality,adjusted,88,0.7556182455889051,0.9358345094770872,0.1802162638881821,0.1609962001579398,0.8863636363636364
L11,endpoint_identity,reference_same_problems,68,0.7161438629150214,1.0889382242699968,0.37279436135497557,0.39247706736548393,0.9264705882352942
L11,endpoint_identity,adjusted,68,0.6726232589132504,0.8215732971691528,0.1489500382559026,0.13438802748159612,0.8235294117647058
L11,endpoint_identity_suffix,reference_same_problems,60,0.7081393365400858,1.0872632521295782,0.37912391558949265,0.39247706736548393,0.9333333333333333
L11,endpoint_identity_suffix,adjusted,60,0.7356970861330383,0.8237199045835288,0.0880228184504906,0.06684290664289239,0.7
L12,endpoint_equality,reference_same_problems,88,0.7268728247248872,1.1047071280318799,0.37783430330699286,0.391820722005031,0.8977272727272727
L12,endpoint_equality,adjusted,88,0.7501613693499404,0.9360950406744082,0.1859336713244678,0.17343692388141746,0.8863636363636364
L12,endpoint_identity,reference_same_problems,68,0.7105900872580584,1.08742115393868,0.376831066680622,0.4012945012901624,0.9264705882352942
L12,endpoint_identity,adjusted,68,0.6664275019940248,0.8191596684366973,0.15273216644267246,0.142950068523923,0.8235294117647058
L12,endpoint_identity_suffix,reference_same_problems,60,0.702698740447016,1.0858554901015558,0.38315674965454,0.4054388716234794,0.9333333333333333
L12,endpoint_identity_suffix,adjusted,60,0.7292920255885275,0.8196469639055284,0.09035493831700098,0.06775376003957112,0.7333333333333333
L13,endpoint_equality,reference_same_problems,88,0.7205037874943977,1.1036748903000322,0.3831711028056343,0.38678260929902186,0.8977272727272727
L13,endpoint_equality,adjusted,88,0.7434462076570667,0.937752555649104,0.19430634799203717,0.18977909733711834,0.8863636363636364
L13,endpoint_identity,reference_same_problems,68,0.703759705381854,1.0865728446822795,0.3828131393004255,0.4057269469766618,0.9264705882352942
L13,endpoint_identity,adjusted,68,0.6594781198159712,0.8202209670943548,0.16074284727838367,0.14934115147067614,0.8088235294117647
L13,endpoint_identity_suffix,reference_same_problems,60,0.6958881903603289,1.0848323123771968,0.38894412201686773,0.40827321884187107,0.9333333333333333
L13,endpoint_identity_suffix,adjusted,60,0.7216378227743934,0.8177697119910513,0.09613188921665812,0.07289831907725414,0.75
L14,endpoint_equality,reference_same_problems,88,0.7190864191689438,1.1076383500570084,0.3885519308880647,0.38048882052424815,0.8977272727272727
L14,endpoint_equality,adjusted,88,0.7419197174982969,0.9443893560385784,0.20246963854028152,0.19760122974231048,0.8863636363636364
L14,endpoint_identity,reference_same_problems,68,0.7021978440111495,1.0906437622668699,0.38844591825572017,0.4031012998445448,0.9264705882352942
L14,endpoint_identity,adjusted,68,0.6593189427756747,0.8292684693281723,0.16994952655249765,0.1564325229905027,0.8235294117647058
L14,endpoint_identity_suffix,reference_same_problems,60,0.6944190148043912,1.0885209173815824,0.39410190257719113,0.4091149214189499,0.9333333333333333
L14,endpoint_identity_suffix,adjusted,60,0.7214134658381127,0.8239118474195302,0.1024983815814176,0.08267141043824866,0.7666666666666667
L15,endpoint_equality,reference_same_problems,88,0.7177629235478288,1.1122515958295176,0.39448867228168893,0.386131750956935,0.8977272727272727
L15,endpoint_equality,adjusted,88,0.7403500882590869,0.9513623742582847,0.21101228599919786,0.20041478936547275,0.8863636363636364
L15,endpoint_identity,reference_same_problems,68,0.7000787624381768,1.0958619663095432,0.3957832038713668,0.4101610579839286,0.9264705882352942
L15,endpoint_identity,adjusted,68,0.6583515798765374,0.8390892562807571,0.18073767640421962,0.16979288602164505,0.8088235294117647
L15,endpoint_identity_suffix,reference_same_problems,60,0.6927545337539314,1.0936862880166023,0.4009317542626709,0.4202886605302932,0.9333333333333333
L15,endpoint_identity_suffix,adjusted,60,0.7200653346349394,0.8317595517298491,0.1116942170949097,0.07803059262162815,0.7666666666666667
L16,endpoint_equality,reference_same_problems,88,0.7197583655823709,1.1179238062901709,0.3981654407078,0.39216014551102724,0.8977272727272727
L16,endpoint_equality,adjusted,88,0.7424148810238557,0.9612791569976493,0.21886427597379365,0.20788719127633803,0.8977272727272727
L16,endpoint_identity,reference_same_problems,68,0.7025721993240878,1.1026164662839009,0.40004426695981316,0.402652478342747,0.9264705882352942
L16,endpoint_identity,adjusted,68,0.6606369901506097,0.8550340318020553,0.19439704165144556,0.18312190310478804,0.8235294117647058
L16,endpoint_identity_suffix,reference_same_problems,60,0.6957339729331387,1.100450286112131,0.4047163131789924,0.4127076714358125,0.9333333333333333
L16,endpoint_identity_suffix,adjusted,60,0.7230763993234841,0.8441220388490941,0.12104563952561005,0.09445454558522803,0.7666666666666667
L17,endpoint_equality,reference_same_problems,88,0.710662725553536,1.1156372201480187,0.40497449459448254,0.3966653500192983,0.8977272727272727
L17,endpoint_equality,adjusted,88,0.7333652394026443,0.9594233244621097,0.22605808505946526,0.21619776545125496,0.8977272727272727
L17,endpoint_identity,reference_same_problems,68,0.6925825650588396,1.1009164704282024,0.4083339053693626,0.3998978059945673,0.9264705882352942
L17,endpoint_identity,adjusted,68,0.6501078102647488,0.8545041604219299,0.20439635015718088,0.19349549927612253,0.8382352941176471
L17,endpoint_identity_suffix,reference_same_problems,60,0.6859335237763692,1.0986754848744082,0.41274196109803885,0.4089941182096245,0.9333333333333333
L17,endpoint_identity_suffix,adjusted,60,0.7122741138926595,0.8410728752787074,0.12879876138604793,0.09321768468698044,0.7833333333333333
L18,endpoint_equality,reference_same_problems,88,0.6995909061056899,1.1142423601348879,0.41465145402919795,0.3986009645014148,0.8977272727272727
L18,endpoint_equality,adjusted,88,0.7221528572033844,0.9595849066347145,0.23743204943133012,0.23052281682443926,0.8977272727272727
L18,endpoint_identity,reference_same_problems,68,0.6815838306617583,1.0995213302964615,0.41793749963470306,0.40591156871538187,0.9264705882352942
L18,endpoint_identity,adjusted,68,0.638891445520575,0.8524649117866622,0.21357346626608728,0.2066552114491917,0.8382352941176471
L18,endpoint_identity_suffix,reference_same_problems,60,0.675660928502766,1.0970588742466654,0.42139794574389916,0.41599466197061796,0.9333333333333333
L18,endpoint_identity_suffix,adjusted,60,0.7012349443211506,0.8371192100893563,0.13588426576820573,0.09725767843458966,0.7666666666666667
L19,endpoint_equality,reference_same_problems,88,0.6879229575865473,1.11228929857297,0.4243663409864228,0.40351514475821926,0.9090909090909091
L19,endpoint_equality,adjusted,88,0.7104847799661087,0.9625357850070166,0.252051005040908,0.2358935369991702,0.8977272727272727
L19,endpoint_identity,reference_same_problems,68,0.6692885633374057,1.0974362335339476,0.4281476701965419,0.40351514475821926,0.9411764705882353
L19,endpoint_identity,adjusted,68,0.6261070261907049,0.8604900001112918,0.2343829739205868,0.2278783802212549,0.8382352941176471
L19,endpoint_identity_suffix,reference_same_problems,60,0.6644527044774716,1.0948571341706603,0.43040442969318854,0.4133011731476634,0.95
L19,endpoint_identity_suffix,adjusted,60,0.6896579866515968,0.8397739478008425,0.15011596114924555,0.08154122095620664,0.7833333333333333
L20,endpoint_equality,reference_same_problems,88,0.6794816207049343,1.1125208071723947,0.4330391864674604,0.4163146877039465,0.9204545454545454
L20,endpoint_equality,adjusted,88,0.7020669336964901,0.9654388548253204,0.2633719211288304,0.2521863992648171,0.9090909090909091
L20,endpoint_identity,reference_same_problems,68,0.6600828474433063,1.0973569567639865,0.43727410932068017,0.4163146877039465,0.9411764705882353
L20,endpoint_identity,adjusted,68,0.6171030750499451,0.8651542836747075,0.2480512086247624,0.23849389881551403,0.8529411764705882
L20,endpoint_identity_suffix,reference_same_problems,60,0.6554516653648659,1.0945174505399728,0.43906578517510725,0.42323943141733,0.95
L20,endpoint_identity_suffix,adjusted,60,0.6806802003216379,0.8415461458348223,0.16086594551318464,0.09420493546883046,0.7833333333333333
L21,endpoint_equality,reference_same_problems,88,0.681399181690201,1.117062197301655,0.4356630156114542,0.4240534299414673,0.9318181818181818
L21,endpoint_equality,adjusted,88,0.704242062036593,0.9758913895664683,0.27164932752987525,0.25936642235245005,0.9090909090909091
L21,endpoint_identity,reference_same_problems,68,0.6618691365878769,1.1023795579255238,0.44051042133764723,0.4249164817896227,0.9558823529411765
L21,endpoint_identity,adjusted,68,0.6193970104600927,0.8877651016829405,0.2683680912228481,0.25091326133873415,0.8676470588235294
L21,endpoint_identity_suffix,reference_same_problems,60,0.6581107264055699,1.0991536064286778,0.44104288002310804,0.4249164817896227,0.9666666666666667
L21,endpoint_identity_suffix,adjusted,60,0.6840302922738555,0.8592282499759489,0.1751979577020935,0.10888022861139124,0.8333333333333334
L22,endpoint_equality,reference_same_problems,88,0.6824693378307618,1.1199568523784023,0.43748751454764034,0.4156405024785303,0.9431818181818182
L22,endpoint_equality,adjusted,88,0.7057691704443002,0.9847234670295525,0.2789542965852524,0.2535813939507655,0.9090909090909091
L22,endpoint_identity,reference_same_problems,68,0.6640623015092304,1.1053187920654106,0.4412564905561802,0.4156405024785303,0.9558823529411765
L22,endpoint_identity,adjusted,68,0.621404389162412,0.9075971776162598,0.2861927884538479,0.2508421351953379,0.8529411764705882
L22,endpoint_identity_suffix,reference_same_problems,60,0.6608312495321926,1.1016239508106949,0.44079270127850223,0.4146063643054248,0.9666666666666667
L22,endpoint_identity_suffix,adjusted,60,0.6879230384805112,0.8735453524642831,0.18562231398377194,0.11147541489863516,0.8
L23,endpoint_equality,reference_same_problems,88,0.6853376533082659,1.1249607092241651,0.43962305591589906,0.4160954696982698,0.9318181818181818
L23,endpoint_equality,adjusted,88,0.7086299107997611,0.9949248532333079,0.2862949424335467,0.24639650644083455,0.9204545454545454
L23,endpoint_identity,reference_same_problems,68,0.668381299372294,1.110472302395819,0.44209100302352516,0.4160954696982698,0.9558823529411765
L23,endpoint_identity,adjusted,68,0.6259123767562377,0.9288288584783836,0.30291648172214575,0.25843650398081575,0.8529411764705882
L23,endpoint_identity_suffix,reference_same_problems,60,0.6656121286311198,1.1063994010176013,0.44078727238648147,0.4160954696982698,0.9666666666666667
L23,endpoint_identity_suffix,adjusted,60,0.6941198398858222,0.8923294200759524,0.19820958019013007,0.12668801088733034,0.8
L24,endpoint_equality,reference_same_problems,88,0.6886317662889767,1.131046722591421,0.44241495630244426,0.42284176002131996,0.9318181818181818
L24,endpoint_equality,adjusted,88,0.7117246646053843,1.0077756897891101,0.2960510251837257,0.2531173893894242,0.9545454545454546
L24,endpoint_identity,reference_same_problems,68,0.6743435134056175,1.1173768912186546,0.4430333778130369,0.42284176002131996,0.9705882352941176
L24,endpoint_identity,adjusted,68,0.6325799625953126,0.9549935678916209,0.32241360529630847,0.272499349095369,0.8676470588235294
L24,endpoint_identity_suffix,reference_same_problems,60,0.6727228248121492,1.1132241563662528,0.44050133155410365,0.42284176002131996,0.9833333333333333
L24,endpoint_identity_suffix,adjusted,60,0.7021939654292447,0.9156823096803011,0.21348834425105645,0.14460452474339563,0.8166666666666667
L25,endpoint_equality,reference_same_problems,88,0.6878095801504348,1.1316019076952026,0.4437923275447679,0.42805487480439824,0.9431818181818182
L25,endpoint_equality,adjusted,88,0.7106629682419133,1.0134755158235775,0.3028125475816642,0.24879943937262938,0.9545454545454546
L25,endpoint_identity,reference_same_problems,68,0.6743317270002288,1.1181415439797806,0.4438098169795517,0.42805487480439824,0.9705882352941176
L25,endpoint_identity,adjusted,68,0.6328805182479174,0.9671240223931759,0.33424350414525844,0.2822898119754777,0.8676470588235294
L25,endpoint_identity_suffix,reference_same_problems,60,0.6732040646319649,1.113948689797325,0.4407446251653598,0.42805487480439824,0.9833333333333333
L25,endpoint_identity_suffix,adjusted,60,0.7025860750303402,0.9251287295652896,0.2225426545349493,0.15069640453252897,0.8166666666666667
L26,endpoint_equality,reference_same_problems,88,0.6851548996759568,1.1321974204876717,0.4470425208117149,0.42888305835969476,0.9545454545454546
L26,endpoint_equality,adjusted,88,0.7079742545074033,1.0170136889705221,0.30903943446311893,0.24915299904972232,0.9659090909090909
L26,endpoint_identity,reference_same_problems,68,0.6732440298811114,1.1195432603510378,0.44629923046992603,0.4340262364340323,0.9705882352941176
L26,endpoint_identity,adjusted,68,0.6309583995340962,0.9799855809557888,0.3490271814216925,0.298626212122765,0.8529411764705882
L26,endpoint_identity_suffix,reference_same_problems,60,0.6727923475334143,1.1153340761640598,0.4425417286306455,0.4340262364340323,0.9833333333333333
L26,endpoint_identity_suffix,adjusted,60,0.7012311430745478,0.9364553667295158,0.23522422365496784,0.1657920240067201,0.8333333333333334
L27,endpoint_equality,reference_same_problems,88,0.686877917585138,1.1401467738296445,0.45326885624450636,0.430192531499871,0.9545454545454546
L27,endpoint_equality,adjusted,88,0.7103133342247538,1.0288785226285881,0.31856518840383424,0.26460286034620895,0.9545454545454546
L27,endpoint_identity,reference_same_problems,68,0.6774527411562064,1.1287603579023795,0.45130761674617326,0.430192531499871,0.9705882352941176
L27,endpoint_identity,adjusted,68,0.6351394044926371,1.0021315357977731,0.3669921313051359,0.3297630250273974,0.8823529411764706
L27,endpoint_identity_suffix,reference_same_problems,60,0.6783801087465607,1.124414402616283,0.44603429386972276,0.430192531499871,0.9833333333333333
L27,endpoint_identity_suffix,adjusted,60,0.7086547024997535,0.9588413483822644,0.2501866458825109,0.16670154684831884,0.85
L28,endpoint_equality,reference_same_problems,88,0.7278182976833968,1.1501328035319853,0.4223145058485885,0.37010028054729616,0.9204545454545454
L28,endpoint_equality,adjusted,88,0.7544652345981859,1.041460154634314,0.28699492003612814,0.2170272745180865,0.8977272727272727
L28,endpoint_identity,reference_same_problems,68,0.7250838590281965,1.1413528978473477,0.4162690388191513,0.37343017378841725,0.9411764705882353
L28,endpoint_identity,adjusted,68,0.6798946611599257,1.0307052967505002,0.3508106355905745,0.3362634836637268,0.8676470588235294
L28,endpoint_identity_suffix,reference_same_problems,60,0.725933699466135,1.1386136336479524,0.41267993418181736,0.37010028054729616,0.95
L28,endpoint_identity_suffix,adjusted,60,0.763914302079759,0.9945573016625605,0.23064299958280154,0.14048335735553424,0.7833333333333333
L29,endpoint_equality,reference_same_problems,88,0.7261080785064307,1.1450451776624497,0.418937099156019,0.37280882363986506,0.9204545454545454
L29,endpoint_equality,adjusted,88,0.7521588954535741,1.0364306700109713,0.2842717745573972,0.23778522590327122,0.875
L29,endpoint_identity,reference_same_problems,68,0.7252907831149968,1.135294392174774,0.4100036090597772,0.37280882363986506,0.9264705882352942
L29,endpoint_identity,adjusted,68,0.6795814145172774,1.0208977692680694,0.3413163547507918,0.3264779407024304,0.8529411764705882
L29,endpoint_identity_suffix,reference_same_problems,60,0.7265251159562226,1.1315214053337237,0.4049962893775012,0.36648872084110234,0.9333333333333333
L29,endpoint_identity_suffix,adjusted,60,0.7609184278645007,0.9879569205325126,0.22703849266801177,0.15241486963289874,0.7833333333333333
L30,endpoint_equality,reference_same_problems,88,0.6965582865785009,1.1055388857651405,0.40898059918663954,0.36890352879212424,0.9090909090909091
L30,endpoint_equality,adjusted,88,0.719226353224165,1.0016729187142783,0.2824465654901132,0.2522777341602226,0.9090909090909091
L30,endpoint_identity,reference_same_problems,68,0.6964860438347548,1.0970269080520336,0.400540864217279,0.357868696093111,0.9117647058823529
L30,endpoint_identity,adjusted,68,0.6512798652692543,0.9940415944400259,0.3427617291707718,0.30307256093700347,0.8823529411764706
L30,endpoint_identity_suffix,reference_same_problems,60,0.6973677820330394,1.0927148671840168,0.3953470851509771,0.34666178641858025,0.9166666666666666
L30,endpoint_identity_suffix,adjusted,60,0.7327824362187126,0.9584095395972898,0.22562710337857736,0.18239763975974305,0.8
L31,endpoint_equality,reference_same_problems,88,0.6726038204988481,1.1264213885481122,0.45381756804926404,0.43506754286186217,0.9431818181818182
L31,endpoint_equality,adjusted,88,0.6937911341414229,1.007384019630655,0.3135928854892322,0.2936103441385009,0.9545454545454546
L31,endpoint_identity,reference_same_problems,68,0.6646679503603552,1.1139530162399494,0.44928506587959466,0.44579811152192894,0.9411764705882353
L31,endpoint_identity,adjusted,68,0.6240446975793181,0.9909750482791673,0.36693035069984925,0.3554372364943885,0.8970588235294118
L31,endpoint_identity_suffix,reference_same_problems,60,0.6651309208377677,1.1109481944477504,0.44581727360998274,0.42971336210710265,0.95
L31,endpoint_identity_suffix,adjusted,60,0.6929853658367241,0.9509310288249959,0.257945662988272,0.17687634619453996,0.8666666666666667
L24-L31,endpoint_equality,reference_same_problems,88,0.6964453308709605,1.1327663850139535,0.43632105414299305,0.4129963957526776,0.9431818181818182
L24-L31,endpoint_equality,adjusted,88,0.7200396048746003,1.019261397525252,0.2992217926506518,0.24231353967977676,0.9431818181818182
L24-L31,endpoint_identity,reference_same_problems,68,0.6888625809726835,1.1214311584707446,0.4325685774980612,0.4143534342068725,0.9558823529411765
L24-L31,endpoint_identity,adjusted,68,0.6457948654244674,0.9926068019720153,0.3468119365475479,0.3203768852220841,0.8823529411764706
L24-L31,endpoint_identity_suffix,reference_same_problems,60,0.6890071080021567,1.1175899281946704,0.4285828201925137,0.41339190748802773,0.9666666666666667
L24-L31,endpoint_identity_suffix,adjusted,60,0.7206583022541977,0.9534953181218412,0.23283701586764335,0.14871316268287188,0.85
