control,condition,feature,n_problems,CC_mean,II_mean,CC_minus_II
endpoint_equality,reference_same_problems,last_token_equal,88,0.5596971841290023,0.18069109106876485,0.3790060930602374
endpoint_equality,adjusted,last_token_equal,88,0.5265091390091391,0.5265091390091391,-1.5297107015431845e-17
endpoint_equality,reference_same_problems,last8_common_suffix_fraction,88,0.2484083151696788,0.04991957067491826,0.19848874449476053
endpoint_equality,adjusted,last8_common_suffix_fraction,88,0.2295862872726424,0.14406683976491558,0.08551944750772683
endpoint_equality,reference_same_problems,token_bigram_jaccard,88,0.25800306759437336,0.17111984986191706,0.08688321773245629
endpoint_equality,adjusted,token_bigram_jaccard,88,0.25564429279950196,0.18872541157229356,0.06691888122720836
endpoint_equality,reference_same_problems,masked_word_bigram_jaccard,88,0.2768824982355275,0.18966426101307687,0.08721823722245067
endpoint_equality,adjusted,masked_word_bigram_jaccard,88,0.274662395440016,0.20921342850586394,0.06544896693415209
endpoint_equality,reference_same_problems,generated_tokens_mean,88,99.9541527916528,110.308453580362,-10.354300788709212
endpoint_equality,adjusted,generated_tokens_mean,88,100.17689357459163,109.60611328263312,-9.4292197080415
endpoint_equality,reference_same_problems,abs_log_length_difference,88,0.3408138236756169,0.22929963144290175,0.11151419223271511
endpoint_equality,adjusted,abs_log_length_difference,88,0.34310019458581154,0.22816800951929483,0.11493218506651673
endpoint_equality,reference_same_problems,both_prior_selected_value,88,0.4737115788252151,0.2092346360561601,0.26447694276905503
endpoint_equality,adjusted,both_prior_selected_value,88,0.465825851088702,0.2190763176671811,0.24674953342152087
endpoint_equality,reference_same_problems,either_prior_selected_value,88,0.7747143008506644,0.673510198209396,0.10120410264126849
endpoint_equality,adjusted,either_prior_selected_value,88,0.7811567797214846,0.6641244198550666,0.11703235986641788
endpoint_identity,reference_same_problems,last_token_equal,68,0.597534654887596,0.19825590115382496,0.39927875373377103
endpoint_identity,adjusted,last_token_equal,68,0.6746323529411764,0.6746323529411765,-4.081702296416017e-18
endpoint_identity,reference_same_problems,last8_common_suffix_fraction,68,0.24496437998276235,0.05482243811071665,0.19014194187204567
endpoint_identity,adjusted,last8_common_suffix_fraction,68,0.27486166815210933,0.1863600711992256,0.0885015969528837
endpoint_identity,reference_same_problems,token_bigram_jaccard,68,0.26241346063399656,0.17470752275891477,0.08770593787508181
endpoint_identity,adjusted,token_bigram_jaccard,68,0.2646181398215422,0.18814485188763194,0.07647328793391034
endpoint_identity,reference_same_problems,masked_word_bigram_jaccard,68,0.28046733137418506,0.1932799732015365,0.08718735817264849
endpoint_identity,adjusted,masked_word_bigram_jaccard,68,0.28274143636113885,0.21365471661620442,0.06908671974493444
endpoint_identity,reference_same_problems,generated_tokens_mean,68,100.05421873877756,110.22298184322405,-10.168763104446501
endpoint_identity,adjusted,generated_tokens_mean,68,99.88657796451915,105.56624056090969,-5.6796625963905365
endpoint_identity,reference_same_problems,abs_log_length_difference,68,0.3422923651484973,0.2303877031830021,0.11190466196549521
endpoint_identity,adjusted,abs_log_length_difference,68,0.34530523045723915,0.3238669069320793,0.02143832352515981
endpoint_identity,reference_same_problems,both_prior_selected_value,68,0.4364406018817783,0.2212193683863234,0.21522123349545488
endpoint_identity,adjusted,both_prior_selected_value,68,0.42058823529411765,0.1768477845683728,0.24374045072574482
endpoint_identity,reference_same_problems,either_prior_selected_value,68,0.7416693600517129,0.6828045728781021,0.05886478717361078
endpoint_identity,adjusted,either_prior_selected_value,68,0.7158438375350141,0.5981071216365335,0.1177367158984806
endpoint_identity_suffix,reference_same_problems,last_token_equal,60,0.5925498575498575,0.19805100944806822,0.3944988481017893
endpoint_identity_suffix,adjusted,last_token_equal,60,0.5868253968253968,0.5868253968253968,1.3877787807814457e-17
endpoint_identity_suffix,reference_same_problems,last8_common_suffix_fraction,60,0.24281974969474968,0.053765447855521384,0.18905430183922833
endpoint_identity_suffix,adjusted,last8_common_suffix_fraction,60,0.19143187830687833,0.19143187830687833,7.517135062566164e-19
endpoint_identity_suffix,reference_same_problems,token_bigram_jaccard,60,0.26912274072215586,0.17711286096055978,0.09200987976159607
endpoint_identity_suffix,adjusted,token_bigram_jaccard,60,0.2584393372813827,0.21188231100945462,0.046557026271928106
endpoint_identity_suffix,reference_same_problems,masked_word_bigram_jaccard,60,0.2884699438634212,0.19701438642042982,0.09145555744299141
endpoint_identity_suffix,adjusted,masked_word_bigram_jaccard,60,0.28145923947101387,0.23905563569100508,0.042403603780008806
endpoint_identity_suffix,reference_same_problems,generated_tokens_mean,60,101.85777726902728,110.37451702436995,-8.516739755342702
endpoint_identity_suffix,adjusted,generated_tokens_mean,60,101.49664652477152,107.89228086016914,-6.395634335397619
endpoint_identity_suffix,reference_same_problems,abs_log_length_difference,60,0.28302630795934447,0.23032681627080834,0.05269949168853612
endpoint_identity_suffix,adjusted,abs_log_length_difference,60,0.2718493297452838,0.24962219304477754,0.022227136700506203
endpoint_identity_suffix,reference_same_problems,both_prior_selected_value,60,0.425505698005698,0.22528885874474106,0.20021683926095685
endpoint_identity_suffix,adjusted,both_prior_selected_value,60,0.3795165945165945,0.1890250941200374,0.19049150039655718
endpoint_identity_suffix,reference_same_problems,either_prior_selected_value,60,0.753495115995116,0.6809649691267337,0.07253014686838224
endpoint_identity_suffix,adjusted,either_prior_selected_value,60,0.7476190476190475,0.6125813844737993,0.1350376631452483
