window,n_problems,CC_mean,II_mean,gap_mean,gap_median,fraction_CC_closer
L00,88,0.6580541935649119,1.0348471618201658,0.376792968255254,0.3793510138861622,0.8409090909090909
L01,88,0.6839384059979765,1.051879171247055,0.3679407652490783,0.38286122619556456,0.8295454545454546
L02,88,0.6972726042006574,1.0622958436736831,0.3650232394730258,0.36223853754803387,0.8522727272727273
L03,88,0.710565532829648,1.0715844311099711,0.36101889828032313,0.3469766305189277,0.8522727272727273
L04,88,0.729550771378438,1.0891532582920054,0.35960248691356744,0.34616382884955627,0.8636363636363636
L05,88,0.739706204491272,1.0942780302577,0.3545718257664281,0.3478197773922634,0.8636363636363636
L06,88,0.7400173758886343,1.0970862531171255,0.35706887722849134,0.3525300197286532,0.8636363636363636
L07,88,0.7385987920959439,1.1014438545315484,0.36284506243560455,0.3487373926110135,0.875
L08,88,0.7387803558990047,1.1059185215427767,0.3671381656437719,0.35706570775965074,0.8977272727272727
L09,88,0.7350185883610862,1.106029735043573,0.37101114668248675,0.37467557694304776,0.8977272727272727
L10,88,0.7382588728303268,1.1109466705294866,0.37268779769916,0.3788439375339001,0.9204545454545454
L11,88,0.7318392409207832,1.1065395285610335,0.3747002876402501,0.3876895033465977,0.8977272727272727
L12,88,0.7268728247248872,1.1047071280318799,0.37783430330699286,0.391820722005031,0.8977272727272727
L13,88,0.7205037874943977,1.1036748903000322,0.3831711028056343,0.38678260929902186,0.8977272727272727
L14,88,0.7190864191689438,1.1076383500570084,0.3885519308880647,0.38048882052424815,0.8977272727272727
L15,88,0.7177629235478288,1.1122515958295176,0.39448867228168893,0.386131750956935,0.8977272727272727
L16,88,0.7197583655823709,1.1179238062901709,0.3981654407078,0.39216014551102724,0.8977272727272727
L17,88,0.710662725553536,1.1156372201480187,0.40497449459448254,0.3966653500192983,0.8977272727272727
L18,88,0.6995909061056899,1.1142423601348879,0.41465145402919795,0.3986009645014148,0.8977272727272727
L19,88,0.6879229575865473,1.11228929857297,0.4243663409864228,0.40351514475821926,0.9090909090909091
L20,88,0.6794816207049343,1.1125208071723947,0.4330391864674604,0.4163146877039465,0.9204545454545454
L21,88,0.681399181690201,1.117062197301655,0.4356630156114542,0.4240534299414673,0.9318181818181818
L22,88,0.6824693378307618,1.1199568523784023,0.43748751454764034,0.4156405024785303,0.9431818181818182
L23,88,0.6853376533082659,1.1249607092241651,0.43962305591589906,0.4160954696982698,0.9318181818181818
L24,88,0.6886317662889767,1.131046722591421,0.44241495630244426,0.42284176002131996,0.9318181818181818
L25,88,0.6878095801504348,1.1316019076952026,0.4437923275447679,0.42805487480439824,0.9431818181818182
L26,88,0.6851548996759568,1.1321974204876717,0.4470425208117149,0.42888305835969476,0.9545454545454546
L27,88,0.686877917585138,1.1401467738296445,0.45326885624450636,0.430192531499871,0.9545454545454546
L28,88,0.7278182976833968,1.1501328035319853,0.4223145058485885,0.37010028054729616,0.9204545454545454
L29,88,0.7261080785064307,1.1450451776624497,0.418937099156019,0.37280882363986506,0.9204545454545454
L30,88,0.6965582865785009,1.1055388857651405,0.40898059918663954,0.36890352879212424,0.9090909090909091
L31,88,0.6726038204988481,1.1264213885481122,0.45381756804926404,0.43506754286186217,0.9431818181818182
L24-L31,88,0.6964453308709605,1.1327663850139535,0.43632105414299305,0.4129963957526776,0.9431818181818182
