window,control,n_problems,C_shift_mean,I_shift_mean,gap_shift_mean,gap_shift_median
L00,endpoint_equality,88,0.03257493596983876,-0.2782843091748203,-0.31085924514465907,-0.2984284585906795
L00,endpoint_identity,68,-0.059778580004965456,-0.38243020174255343,-0.322651621737588,-0.28856199333035704
L00,endpoint_identity_suffix,60,0.032516665626262674,-0.3380454122107208,-0.3705620778369835,-0.37681970126635034
L01,endpoint_equality,88,0.03224762727685477,-0.26429581542453473,-0.2965434427013895,-0.28343751049330623
L01,endpoint_identity,68,-0.05986781268406497,-0.36083562482772685,-0.3009678121436619,-0.2852452481124554
L01,endpoint_identity_suffix,60,0.03235055338111928,-0.32598900832394456,-0.3583395617050638,-0.3802536392241711
L02,endpoint_equality,88,0.03171527041366614,-0.24732943713674754,-0.27904470755041366,-0.2586491100363173
L02,endpoint_identity,68,-0.05808489422141917,-0.3421324633202691,-0.28404756909884993,-0.28374612445248715
L02,endpoint_identity_suffix,60,0.03293186932170265,-0.3131258071222381,-0.3460576764439408,-0.36846359357790426
L03,endpoint_equality,88,0.030485760193168576,-0.23248720431462308,-0.2629729645077917,-0.24065736908370144
L03,endpoint_identity,68,-0.055948677629787204,-0.3246661990799171,-0.2687175214501299,-0.2771603612882111
L03,endpoint_identity_suffix,60,0.0324556278923737,-0.30111590911010533,-0.333571537002479,-0.3585557968805763
L04,endpoint_equality,88,0.02955290843167344,-0.2173167075839518,-0.24686961601562524,-0.21489090305467828
L04,endpoint_identity,68,-0.05339238846224407,-0.3091022182871017,-0.2557098298248576,-0.27955125969267036
L04,endpoint_identity_suffix,60,0.03298800509231963,-0.28837301347158245,-0.32136101856390215,-0.32667998466263387
L05,endpoint_equality,88,0.028567497496395634,-0.20658841268896025,-0.23515591018535592,-0.2032331930691449
L05,endpoint_identity,68,-0.05035431460009665,-0.2939579972574454,-0.24360368265734877,-0.2677019352450155
L05,endpoint_identity_suffix,60,0.032169770879056515,-0.27724474261822185,-0.3094145134972784,-0.31820256765274935
L06,endpoint_equality,88,0.027245521950313545,-0.1964738620672484,-0.22371938401756195,-0.192111264233765
L06,endpoint_identity,68,-0.04768126550690314,-0.28461953754650654,-0.23693827203960335,-0.25904911689649435
L06,endpoint_identity_suffix,60,0.03167890530549215,-0.2704639263009432,-0.30214283160643535,-0.30490727500878917
L07,endpoint_equality,88,0.02637542396846295,-0.1899125532218237,-0.21628797719028664,-0.18587027046085597
L07,endpoint_identity,68,-0.047329035296743475,-0.2810492494777337,-0.23372021418099023,-0.2453851113227995
L07,endpoint_identity_suffix,60,0.030379985337124264,-0.2697034922014824,-0.30008347753860665,-0.29549296174608736
L08,endpoint_equality,88,0.025803731699288013,-0.1840606926372174,-0.20986442433650543,-0.18247422817644532
L08,endpoint_identity,68,-0.0459855612357928,-0.2756419477350984,-0.22965638649930561,-0.23778089067241875
L08,endpoint_identity_suffix,60,0.03061008779700036,-0.26532298731772913,-0.2959330751147295,-0.2986235532977328
L09,endpoint_equality,88,0.025254418329248664,-0.1812552297136728,-0.2065096480429215,-0.18478808883074008
L09,endpoint_identity,68,-0.0453754262272992,-0.2771433346100896,-0.2317679083827904,-0.2466911550577653
L09,endpoint_identity_suffix,60,0.029236910732283596,-0.2675904520672388,-0.2968273627995224,-0.3001771592108594
L10,endpoint_equality,88,0.024817629956672003,-0.17626379444119344,-0.20108142439786542,-0.17896654454906524
L10,endpoint_identity,68,-0.04475263178149691,-0.27066145768227595,-0.22590882590077904,-0.2411112954209637
L10,endpoint_identity_suffix,60,0.02878785212674546,-0.26354592498481894,-0.2923337771115644,-0.28575274926609234
L11,endpoint_equality,88,0.02377900466812184,-0.1707050190839462,-0.194484023752068,-0.172719753990086
L11,endpoint_identity,68,-0.04352060400177116,-0.26736492710084414,-0.22384432309907296,-0.22461312943893286
L11,endpoint_identity_suffix,60,0.027557749592952565,-0.2635433475460494,-0.291101097139002,-0.27734811992114156
L12,endpoint_equality,88,0.023288544625053222,-0.16861208735747182,-0.19190063198252505,-0.16970065012274088
L12,endpoint_identity,68,-0.04416258526403339,-0.2682614855019829,-0.22409890023794957,-0.22011302605746014
L12,endpoint_identity_suffix,60,0.026593285141511505,-0.26620852619602753,-0.292801811337539,-0.2864622274578583
L13,endpoint_equality,88,0.022942420162669012,-0.16592233465092812,-0.18886475481359713,-0.1665515600973635
L13,endpoint_identity,68,-0.044281585565882894,-0.2663518775879247,-0.22207029202204182,-0.21766833945257796
L13,endpoint_identity_suffix,60,0.025749632414064375,-0.26706260038614527,-0.2928122328002096,-0.2778271773325764
L14,endpoint_equality,88,0.022833298329353158,-0.16324899401843007,-0.1860822923477832,-0.16566361323279039
L14,endpoint_identity,68,-0.042878901235474845,-0.2613752929386974,-0.21849639170322255,-0.2211746344743355
L14,endpoint_identity_suffix,60,0.026994451033721438,-0.26460906996205213,-0.2916035209957736,-0.27008518025404327
L15,endpoint_equality,88,0.02258716471125816,-0.16088922157123295,-0.1834763862824911,-0.16374091318681472
L15,endpoint_identity,68,-0.041727182561639285,-0.25677271002878643,-0.21504552746714717,-0.21992037193008301
L15,endpoint_identity_suffix,60,0.02731080088100791,-0.26192673628675334,-0.28923753716776124,-0.26557766200861443
L16,endpoint_equality,88,0.0226565154414848,-0.1566446492925215,-0.17930116473400629,-0.16154633219139847
L16,endpoint_identity,68,-0.04193520917347807,-0.2475824344818457,-0.20564722530836763,-0.20844220701605348
L16,endpoint_identity_suffix,60,0.02734242639034557,-0.2563282472630369,-0.2836706736533825,-0.25071792313662916
L17,endpoint_equality,88,0.02270251384910811,-0.15621389568590913,-0.17891640953501725,-0.1621366049422417
L17,endpoint_identity,68,-0.04247475479409071,-0.24641231000627234,-0.20393755521218163,-0.21021600284900915
L17,endpoint_identity_suffix,60,0.026340590116290242,-0.2576026095957007,-0.28394319971199095,-0.24745645215895073
L18,endpoint_equality,88,0.02256195109769447,-0.15465745350017335,-0.17721940459786784,-0.1596717877400296
L18,endpoint_identity,68,-0.04269238514118347,-0.2470564185097992,-0.20436403336861572,-0.20757765484817708
L18,endpoint_identity_suffix,60,0.02557401581838452,-0.259939664157309,-0.2855136799756935,-0.24394412150926562
L19,endpoint_equality,88,0.022561822379561454,-0.14975351356595332,-0.17231533594551476,-0.15535010485330863
L19,endpoint_identity,68,-0.043181537146700755,-0.23694623342265586,-0.1937646962759551,-0.19342022059646352
L19,endpoint_identity_suffix,60,0.025205282174125276,-0.2550831863698178,-0.280288468543943,-0.23834615273867166
L20,endpoint_equality,88,0.022585312991555848,-0.14708195234707414,-0.16966726533862997,-0.1584660383482318
L20,endpoint_identity,68,-0.04297977239336098,-0.23220267308927872,-0.18922290069591774,-0.1856464940899004
L20,endpoint_identity_suffix,60,0.025228534956772086,-0.25297130470515056,-0.2781998396619227,-0.22848632108526173
L21,endpoint_equality,88,0.022842880346392133,-0.14117080773518684,-0.16401368808157896,-0.14708832768189228
L21,endpoint_identity,68,-0.04247212612778431,-0.21461445624258343,-0.17214233011479912,-0.16526755065695642
L21,endpoint_identity_suffix,60,0.025919565868285564,-0.23992535645272894,-0.2658449223210145,-0.21250711876810618
L22,endpoint_equality,88,0.023299832613538362,-0.13523338534884954,-0.15853321796238792,-0.1432066383032799
L22,endpoint_identity,68,-0.04265791234681843,-0.19772161444915076,-0.15506370210233233,-0.1512435544884868
L22,endpoint_identity_suffix,60,0.02709178894831845,-0.22807859834641195,-0.2551703872947304,-0.20290444006325575
L23,endpoint_equality,88,0.023292257491495147,-0.13003585599085726,-0.15332811348235242,-0.14034080484854689
L23,endpoint_identity,68,-0.042468922616056115,-0.18164344391743556,-0.13917452130137944,-0.13623866310821448
L23,endpoint_identity_suffix,60,0.028507711254702365,-0.21406998094164897,-0.24257769219635134,-0.19259120084310866
L24,endpoint_equality,88,0.02309289831640754,-0.1232710328023109,-0.14636393111871845,-0.1353983921369069
L24,endpoint_identity,68,-0.041763550810304986,-0.16238332332703334,-0.12061977251672837,-0.1232320213082857
L24,endpoint_identity_suffix,60,0.029471140617095565,-0.19754184668595165,-0.2270129873030472,-0.17363761444097203
L24-L31,endpoint_equality,88,0.023594274003639906,-0.11350498748870136,-0.13709926149234128,-0.12671340198294145
L24-L31,endpoint_identity,68,-0.04306771554821606,-0.1288243564987294,-0.08575664095051334,-0.09429238110219806
L24-L31,endpoint_identity_suffix,60,0.03165119425204108,-0.16409461007282927,-0.19574580432487035,-0.15554139274293188
L25,endpoint_equality,88,0.02285338809147849,-0.1181263918716252,-0.14097977996310368,-0.13087571656121583
L25,endpoint_identity,68,-0.041451208752311446,-0.15101752158660453,-0.10956631283429308,-0.11475830867670878
L25,endpoint_identity_suffix,60,0.029382010398375513,-0.18881996023203498,-0.2182019706304105,-0.16172310806226997
L26,endpoint_equality,88,0.02281935483144644,-0.11518373151714964,-0.13800308634859607,-0.12878719412565165
L26,endpoint_identity,68,-0.042285630347015164,-0.1395576793952487,-0.09727204904823356,-0.10741276853197401
L26,endpoint_identity_suffix,60,0.028438795541133533,-0.17887870943454406,-0.20731750497567758,-0.13181424352025772
L27,endpoint_equality,88,0.023435416639615844,-0.11126825120105628,-0.13470366784067211,-0.12896545650278035
L27,endpoint_identity,68,-0.0423133366635692,-0.1266288221046065,-0.08431548544103727,-0.09523753341618801
L27,endpoint_identity_suffix,60,0.030274593753192806,-0.16557305423401905,-0.19584764798721185,-0.1395598074633475
L28,endpoint_equality,88,0.02664693691478898,-0.10867264889767138,-0.13531958581246034,-0.1003509406159625
L28,endpoint_identity,68,-0.04518919786827082,-0.11064760109684747,-0.06545840322857666,-0.09307608925956468
L28,endpoint_identity_suffix,60,0.037980602613623834,-0.14405633198539194,-0.18203693459901577,-0.1613462604236507
L29,endpoint_equality,88,0.026050816947143316,-0.10861450765147836,-0.13466532459862168,-0.12207886185054573
L29,endpoint_identity,68,-0.0457093685977194,-0.11439662290670471,-0.06868725430898531,-0.07644791138055995
L29,endpoint_identity_suffix,60,0.03439331190827798,-0.14356448480121145,-0.17795779670948944,-0.16566882994263687
L30,endpoint_equality,88,0.022668066645664,-0.10386596705086233,-0.12653403369652633,-0.10016526513597618
L30,endpoint_identity,68,-0.045206178565500375,-0.10298531361200752,-0.057779135046507155,-0.05775646432006587
L30,endpoint_identity_suffix,60,0.03541465418567302,-0.13430532758672672,-0.16971998177239975,-0.14565043364850033
L31,endpoint_equality,88,0.02118731364257461,-0.11903736891745721,-0.14022468256003182,-0.12294586220102666
L31,endpoint_identity,68,-0.04062325278103705,-0.12297796796078239,-0.08235471517974532,-0.09820830181049578
L31,endpoint_identity_suffix,60,0.02785444499895646,-0.1600171656227543,-0.18787161062171076,-0.13656322488424322
