control,problem_id,retained,shared_strata,overlap_mass,CC_pairs_before,CC_pairs_positive_weight,CC_effective_pair_count,II_pairs_before,II_pairs_positive_weight,II_effective_pair_count
endpoint_equality,1,True,2,6.0,6,6,5.999999999999999,120,120,77.3333333333334
endpoint_equality,2,True,2,15.0,15,15,15.0,91,91,64.7590361445783
endpoint_equality,3,True,1,3.0,3,3,3.0,136,31,30.999999999999986
endpoint_equality,4,True,2,28.0,28,28,27.999999999999996,66,66,65.13274336283182
endpoint_equality,8,True,1,28.0,66,39,39.00000000000001,28,28,27.999999999999996
endpoint_equality,9,True,2,21.0,21,21,21.000000000000007,78,78,43.160621761658014
endpoint_equality,11,True,1,1.0,1,1,1.0,153,143,142.99999999999997
endpoint_equality,15,True,2,6.0,6,6,5.999999999999999,120,120,98.87499999999993
endpoint_equality,16,True,2,15.0,21,21,17.857142857142854,78,78,39.92805755395687
endpoint_equality,20,True,1,3.0,3,3,3.0,136,20,20.000000000000004
endpoint_equality,23,True,1,1.0,1,1,1.0,153,28,28.0
endpoint_equality,24,True,1,1.0,1,1,1.0,105,74,73.99999999999997
endpoint_equality,25,True,1,5.0,28,28,28.000000000000007,66,5,4.999999999999999
endpoint_equality,26,True,2,15.0,15,15,15.0,91,91,43.95348837209302
endpoint_equality,31,True,1,3.0,3,3,3.0,136,13,13.0
endpoint_equality,36,True,1,3.0,3,3,3.0,136,23,23.0
endpoint_equality,37,True,1,1.0,1,1,1.0,153,6,5.999999999999999
endpoint_equality,39,True,1,1.0,1,1,1.0,153,137,137.00000000000003
endpoint_equality,46,True,1,3.0,3,3,3.0,91,30,30.0
endpoint_equality,47,True,2,6.0,6,6,5.999999999999999,120,120,104.32258064516131
endpoint_equality,48,True,2,30.0,45,45,35.67567567567568,45,45,43.01886792452831
endpoint_equality,50,True,1,1.0,1,1,1.0,153,144,144.00000000000009
endpoint_equality,53,True,1,1.0,1,1,1.0,153,141,140.99999999999994
endpoint_equality,54,True,1,1.0,1,1,1.0,153,57,57.0
endpoint_equality,56,True,1,10.0,10,10,9.999999999999996,105,23,23.000000000000004
endpoint_equality,57,True,2,3.0,3,3,3.0,136,136,64.95565410199555
endpoint_equality,59,True,2,6.0,6,6,5.999999999999999,120,120,19.16666666666667
endpoint_equality,62,True,1,6.0,6,6,5.999999999999999,120,19,19.0
endpoint_equality,63,True,1,3.0,3,3,3.0,136,81,81.0
endpoint_equality,72,True,2,3.0,3,3,3.0,136,136,129.07523510971785
endpoint_equality,74,True,2,15.0,91,91,88.78527607361958,15,15,15.0
endpoint_equality,79,True,2,28.0,28,28,27.999999999999996,66,66,61.5348837209302
endpoint_equality,80,True,2,12.0,21,21,13.894736842105262,78,78,43.428571428571445
endpoint_equality,81,True,1,6.0,6,6,5.999999999999999,120,13,13.0
endpoint_equality,82,True,1,6.0,6,6,5.999999999999999,120,116,116.00000000000004
endpoint_equality,83,True,1,1.0,1,1,1.0,153,7,7.0
endpoint_equality,84,True,2,6.0,6,6,5.999999999999999,120,120,11.699999999999998
endpoint_equality,87,True,2,9.0,15,15,9.94736842105263,45,45,32.999999999999986
endpoint_equality,89,True,1,1.0,1,1,1.0,153,31,31.0
endpoint_equality,90,True,2,3.0,3,3,3.0,136,136,16.985915492957755
endpoint_equality,91,True,1,1.0,1,1,1.0,153,102,101.99999999999997
endpoint_equality,93,True,1,1.0,1,1,1.0,153,105,104.99999999999999
endpoint_equality,98,True,1,1.0,1,1,1.0,136,37,37.0
endpoint_equality,99,True,1,1.0,1,1,1.0,153,6,5.999999999999999
endpoint_equality,100,True,1,1.0,1,1,1.0,153,57,57.0
endpoint_equality,104,True,1,15.0,91,49,49.000000000000014,15,15,15.0
endpoint_equality,107,True,2,3.0,78,78,58.37837837837842,3,3,3.0
endpoint_equality,109,True,2,15.0,21,21,17.307692307692314,55,55,38.99999999999999
endpoint_equality,110,True,1,3.0,3,3,3.0,136,19,19.000000000000004
endpoint_equality,114,True,2,6.0,6,6,5.999999999999999,120,120,19.16666666666667
endpoint_equality,115,True,2,6.0,6,6,5.999999999999999,120,120,29.750000000000007
endpoint_equality,117,True,1,1.0,1,1,1.0,153,15,15.000000000000004
endpoint_equality,118,True,1,21.0,21,21,21.000000000000007,78,24,24.0
endpoint_equality,128,True,2,10.0,10,10,9.999999999999996,105,105,101.1111111111111
endpoint_equality,130,True,2,21.0,78,78,76.76109215017061,21,21,21.000000000000007
endpoint_equality,136,True,1,1.0,1,1,1.0,120,97,96.99999999999999
endpoint_equality,138,True,1,1.0,1,1,1.0,153,8,8.0
endpoint_equality,140,True,2,6.0,6,6,5.999999999999999,120,120,85.8666666666666
endpoint_equality,142,True,1,2.0,28,28,27.99999999999999,66,2,2.0
endpoint_equality,144,True,2,27.0,36,36,28.74193548387097,55,55,52.85499316005478
endpoint_equality,149,True,2,10.0,10,10,9.999999999999996,91,91,59.09090909090902
endpoint_equality,152,True,2,6.0,6,6,5.999999999999999,120,120,87.96666666666668
endpoint_equality,153,True,1,3.0,3,3,3.0,136,127,127.0
endpoint_equality,156,True,1,3.0,3,3,3.0,136,38,38.00000000000001
endpoint_equality,158,True,2,28.0,28,28,27.999999999999996,66,66,54.163934426229496
endpoint_equality,159,True,1,1.0,1,1,1.0,153,5,4.999999999999999
endpoint_equality,160,True,2,6.0,6,6,5.999999999999999,120,120,38.33333333333334
endpoint_equality,162,True,2,21.0,21,21,21.000000000000007,78,78,46.35815147625161
endpoint_equality,163,True,2,15.0,15,15,15.0,91,91,89.19153868443925
endpoint_equality,165,True,1,7.0,10,10,10.000000000000002,105,7,7.0
endpoint_equality,167,True,1,1.0,1,1,1.0,153,127,127.0
endpoint_equality,168,True,1,1.0,1,1,1.0,153,106,106.00000000000003
endpoint_equality,170,True,1,10.0,10,10,9.999999999999996,105,45,45.00000000000001
endpoint_equality,172,True,1,1.0,1,1,1.0,153,14,13.999999999999995
endpoint_equality,173,True,2,3.0,3,3,3.0,136,136,16.985915492957755
endpoint_equality,175,True,2,3.0,3,3,3.0,136,136,133.2059800664452
endpoint_equality,176,True,1,3.0,3,3,3.0,136,59,59.0
endpoint_equality,180,True,1,6.0,6,6,5.999999999999999,120,110,110.00000000000003
endpoint_equality,181,True,1,1.0,1,1,1.0,153,22,22.0
endpoint_equality,182,True,2,21.0,21,21,21.000000000000007,78,78,77.56869772998806
endpoint_equality,183,True,2,6.0,6,6,5.999999999999999,120,120,119.38636363636354
endpoint_equality,184,True,2,3.0,3,3,3.0,136,136,63.110429447852724
endpoint_equality,185,True,1,1.0,1,1,1.0,153,137,136.99999999999994
endpoint_equality,186,True,1,1.0,1,1,1.0,153,141,140.99999999999994
endpoint_equality,191,True,1,1.0,1,1,1.0,153,31,31.0
endpoint_equality,192,True,1,1.0,1,1,1.0,153,37,37.0
endpoint_equality,193,True,2,6.0,6,6,5.999999999999999,120,120,33.29999999999999
endpoint_equality,196,True,1,3.0,3,3,3.0,136,105,104.99999999999999
endpoint_identity,1,True,2,3.0,6,3,3.0,120,5,4.5
endpoint_identity,2,True,1,1.0,15,1,1.0,91,3,3.0
endpoint_identity,3,True,1,3.0,3,3,3.0,136,21,21.000000000000004
endpoint_identity,4,False,0,0.0,28,0,0.0,66,0,0.0
endpoint_identity,8,False,0,0.0,66,0,0.0,28,0,0.0
endpoint_identity,9,True,1,3.0,21,6,5.999999999999999,78,3,3.0
endpoint_identity,11,True,1,1.0,1,1,1.0,153,5,4.999999999999999
endpoint_identity,15,True,2,3.0,6,3,3.0,120,9,9.0
endpoint_identity,16,True,4,6.0,21,21,13.333333333333334,78,6,5.999999999999999
endpoint_identity,20,True,1,3.0,3,3,3.0,136,15,15.0
endpoint_identity,23,True,1,1.0,1,1,1.0,153,10,10.0
endpoint_identity,24,True,1,1.0,1,1,1.0,105,24,23.999999999999996
endpoint_identity,25,True,1,1.0,28,28,27.99999999999999,66,1,1.0
endpoint_identity,26,True,1,10.0,15,10,9.999999999999996,91,21,21.0
endpoint_identity,31,True,1,3.0,3,3,3.0,136,6,6.0
endpoint_identity,36,True,1,3.0,3,3,3.0,136,21,20.999999999999996
endpoint_identity,37,True,1,1.0,1,1,1.0,153,1,1.0
endpoint_identity,39,True,1,1.0,1,1,1.0,153,6,6.0
endpoint_identity,46,True,1,3.0,3,3,3.0,91,28,28.0
endpoint_identity,47,True,1,1.0,6,1,1.0,120,21,21.000000000000004
endpoint_identity,48,True,1,1.0,45,1,1.0,45,1,1.0
endpoint_identity,50,False,0,0.0,1,0,0.0,153,0,0.0
endpoint_identity,53,False,0,0.0,1,0,0.0,153,0,0.0
endpoint_identity,54,True,1,1.0,1,1,1.0,153,55,54.99999999999998
endpoint_identity,56,True,1,10.0,10,10,9.999999999999996,105,21,20.999999999999996
endpoint_identity,57,True,1,1.0,3,1,1.0,136,105,104.99999999999999
endpoint_identity,59,True,1,3.0,6,3,3.0,120,3,3.0
endpoint_identity,62,True,1,6.0,6,6,5.999999999999999,120,15,15.0
endpoint_identity,63,True,1,3.0,3,3,3.0,136,78,77.99999999999999
endpoint_identity,72,True,2,3.0,3,3,3.0,136,50,34.94117647058823
endpoint_identity,74,True,1,10.0,91,66,66.00000000000004,15,10,9.999999999999996
endpoint_identity,79,True,3,15.0,28,15,15.0,66,21,20.45454545454545
endpoint_identity,80,True,1,1.0,21,1,1.0,78,1,1.0
endpoint_identity,81,True,1,6.0,6,6,5.999999999999999,120,6,6.0
endpoint_identity,82,True,1,1.0,6,1,1.0,120,2,2.0
endpoint_identity,83,False,0,0.0,1,0,0.0,153,0,0.0
endpoint_identity,84,True,1,1.0,6,3,3.0,120,1,1.0
endpoint_identity,87,True,1,1.0,15,8,8.0,45,1,1.0
endpoint_identity,89,True,1,1.0,1,1,1.0,153,6,6.0
endpoint_identity,90,True,1,1.0,3,1,1.0,136,1,1.0
endpoint_identity,91,False,0,0.0,1,0,0.0,153,0,0.0
endpoint_identity,93,True,1,1.0,1,1,1.0,153,105,104.99999999999999
endpoint_identity,98,False,0,0.0,1,0,0.0,136,0,0.0
endpoint_identity,99,True,1,1.0,1,1,1.0,153,3,3.0
endpoint_identity,100,True,1,1.0,1,1,1.0,153,55,54.99999999999998
endpoint_identity,104,True,1,1.0,91,4,4.0,15,1,1.0
endpoint_identity,107,True,2,3.0,78,33,19.285714285714292,3,3,3.0
endpoint_identity,109,False,0,0.0,21,0,0.0,55,0,0.0
endpoint_identity,110,True,1,3.0,3,3,3.0,136,15,15.000000000000004
endpoint_identity,114,False,0,0.0,6,0,0.0,120,0,0.0
endpoint_identity,115,True,1,1.0,6,1,1.0,120,2,2.0
endpoint_identity,117,True,1,1.0,1,1,1.0,153,10,9.999999999999998
endpoint_identity,118,True,1,3.0,21,21,21.0,78,3,3.0
endpoint_identity,128,False,0,0.0,10,0,0.0,105,0,0.0
endpoint_identity,130,True,2,6.0,78,12,9.0,21,6,5.999999999999999
endpoint_identity,136,True,1,1.0,1,1,1.0,120,14,14.0
endpoint_identity,138,True,1,1.0,1,1,1.0,153,3,3.0
endpoint_identity,140,True,1,3.0,6,3,3.0,120,8,8.0
endpoint_identity,142,False,0,0.0,28,0,0.0,66,0,0.0
endpoint_identity,144,True,4,6.0,36,27,20.0,55,6,6.0
endpoint_identity,149,True,1,3.0,10,3,3.0,91,10,10.000000000000002
endpoint_identity,152,False,0,0.0,6,0,0.0,120,0,0.0
endpoint_identity,153,False,0,0.0,3,0,0.0,136,0,0.0
endpoint_identity,156,True,1,3.0,3,3,3.0,136,36,35.99999999999999
endpoint_identity,158,True,4,10.0,28,20,18.6046511627907,66,10,10.0
endpoint_identity,159,False,0,0.0,1,0,0.0,153,0,0.0
endpoint_identity,160,True,3,6.0,6,6,5.999999999999999,120,10,9.0
endpoint_identity,162,True,1,1.0,21,6,5.999999999999998,78,1,1.0
endpoint_identity,163,True,3,10.0,15,10,9.999999999999996,91,36,34.09090909090909
endpoint_identity,165,False,0,0.0,10,0,0.0,105,0,0.0
endpoint_identity,167,False,0,0.0,1,0,0.0,153,0,0.0
endpoint_identity,168,True,1,1.0,1,1,1.0,153,105,104.99999999999999
endpoint_identity,170,True,1,10.0,10,10,9.999999999999996,105,45,45.00000000000001
endpoint_identity,172,True,1,1.0,1,1,1.0,153,10,9.999999999999998
endpoint_identity,173,False,0,0.0,3,0,0.0,136,0,0.0
endpoint_identity,175,True,2,3.0,3,3,3.0,136,66,23.571428571428566
endpoint_identity,176,True,1,3.0,3,3,3.0,136,55,55.0
endpoint_identity,180,True,1,1.0,6,1,1.0,120,8,8.0
endpoint_identity,181,False,0,0.0,1,0,0.0,153,0,0.0
endpoint_identity,182,True,2,8.0,21,12,11.076923076923075,78,15,10.847457627118644
endpoint_identity,183,True,4,6.0,6,6,5.999999999999999,120,21,10.285714285714286
endpoint_identity,184,True,2,3.0,3,3,3.0,136,9,9.0
endpoint_identity,185,False,0,0.0,1,0,0.0,153,0,0.0
endpoint_identity,186,True,1,1.0,1,1,1.0,153,8,8.0
endpoint_identity,191,True,1,1.0,1,1,1.0,153,15,15.0
endpoint_identity,192,True,1,1.0,1,1,1.0,153,28,28.0
endpoint_identity,193,True,1,3.0,6,3,3.0,120,6,6.0
endpoint_identity,196,False,0,0.0,3,0,0.0,136,0,0.0
endpoint_identity_suffix,1,True,2,3.0,6,3,3.0,120,5,4.5
endpoint_identity_suffix,2,True,1,1.0,15,1,1.0,91,3,3.0
endpoint_identity_suffix,3,True,2,3.0,3,3,3.0,136,20,18.0
endpoint_identity_suffix,4,False,0,0.0,28,0,0.0,66,0,0.0
endpoint_identity_suffix,8,False,0,0.0,66,0,0.0,28,0,0.0
endpoint_identity_suffix,9,True,2,3.0,21,4,3.8571428571428563,78,3,3.0
endpoint_identity_suffix,11,True,1,1.0,1,1,1.0,153,5,4.999999999999999
endpoint_identity_suffix,15,True,1,2.0,6,2,2.0,120,6,6.0
endpoint_identity_suffix,16,True,4,6.0,21,15,12.631578947368427,78,6,5.999999999999999
endpoint_identity_suffix,20,True,2,3.0,3,3,3.0,136,15,14.727272727272725
endpoint_identity_suffix,23,True,1,1.0,1,1,1.0,153,1,1.0
endpoint_identity_suffix,24,True,1,1.0,1,1,1.0,105,24,23.999999999999996
endpoint_identity_suffix,25,False,0,0.0,28,0,0.0,66,0,0.0
endpoint_identity_suffix,26,True,1,1.0,15,4,4.0,91,1,1.0
endpoint_identity_suffix,31,True,1,2.0,3,2,2.0,136,6,6.0
endpoint_identity_suffix,36,True,1,3.0,3,3,3.0,136,10,10.000000000000002
endpoint_identity_suffix,37,True,1,1.0,1,1,1.0,153,1,1.0
endpoint_identity_suffix,39,True,1,1.0,1,1,1.0,153,6,6.0
endpoint_identity_suffix,46,True,2,3.0,3,3,3.0,91,15,12.923076923076923
endpoint_identity_suffix,47,True,1,1.0,6,1,1.0,120,19,19.0
endpoint_identity_suffix,48,False,0,0.0,45,0,0.0,45,0,0.0
endpoint_identity_suffix,50,False,0,0.0,1,0,0.0,153,0,0.0
endpoint_identity_suffix,53,False,0,0.0,1,0,0.0,153,0,0.0
endpoint_identity_suffix,54,False,0,0.0,1,0,0.0,153,0,0.0
endpoint_identity_suffix,56,True,2,9.0,10,9,9.0,105,21,15.477707006369435
endpoint_identity_suffix,57,False,0,0.0,3,0,0.0,136,0,0.0
endpoint_identity_suffix,59,True,1,2.0,6,2,2.0,120,3,3.0
endpoint_identity_suffix,62,True,2,5.0,6,5,4.999999999999999,120,14,11.13861386138614
endpoint_identity_suffix,63,True,2,3.0,3,3,3.0,136,56,55.86206896551725
endpoint_identity_suffix,72,True,1,2.0,3,2,2.0,136,44,44.0
endpoint_identity_suffix,74,True,1,4.0,91,11,11.0,15,4,4.0
endpoint_identity_suffix,79,True,1,5.0,28,8,8.0,66,5,4.999999999999999
endpoint_identity_suffix,80,False,0,0.0,21,0,0.0,78,0,0.0
endpoint_identity_suffix,81,True,1,1.0,6,5,4.999999999999999,120,1,1.0
endpoint_identity_suffix,82,True,1,1.0,6,1,1.0,120,2,2.0
endpoint_identity_suffix,83,False,0,0.0,1,0,0.0,153,0,0.0
endpoint_identity_suffix,84,True,1,1.0,6,2,2.0,120,1,1.0
endpoint_identity_suffix,87,True,1,1.0,15,8,8.0,45,1,1.0
endpoint_identity_suffix,89,True,1,1.0,1,1,1.0,153,1,1.0
endpoint_identity_suffix,90,False,0,0.0,3,0,0.0,136,0,0.0
endpoint_identity_suffix,91,False,0,0.0,1,0,0.0,153,0,0.0
endpoint_identity_suffix,93,True,1,1.0,1,1,1.0,153,7,7.0
endpoint_identity_suffix,98,False,0,0.0,1,0,0.0,136,0,0.0
endpoint_identity_suffix,99,False,0,0.0,1,0,0.0,153,0,0.0
endpoint_identity_suffix,100,True,1,1.0,1,1,1.0,153,33,32.99999999999999
endpoint_identity_suffix,104,True,1,1.0,91,4,4.0,15,1,1.0
endpoint_identity_suffix,107,True,1,2.0,78,30,30.0,3,2,2.0
endpoint_identity_suffix,109,False,0,0.0,21,0,0.0,55,0,0.0
endpoint_identity_suffix,110,True,1,3.0,3,3,3.0,136,13,13.0
endpoint_identity_suffix,114,False,0,0.0,6,0,0.0,120,0,0.0
endpoint_identity_suffix,115,True,1,1.0,6,1,1.0,120,2,2.0
endpoint_identity_suffix,117,True,1,1.0,1,1,1.0,153,9,9.0
endpoint_identity_suffix,118,True,1,1.0,21,2,2.0,78,1,1.0
endpoint_identity_suffix,128,False,0,0.0,10,0,0.0,105,0,0.0
endpoint_identity_suffix,130,True,2,5.0,78,11,8.333333333333332,21,5,4.999999999999999
endpoint_identity_suffix,136,True,1,1.0,1,1,1.0,120,14,14.0
endpoint_identity_suffix,138,True,1,1.0,1,1,1.0,153,3,3.0
endpoint_identity_suffix,140,True,1,3.0,6,3,3.0,120,8,8.0
endpoint_identity_suffix,142,False,0,0.0,28,0,0.0,66,0,0.0
endpoint_identity_suffix,144,True,4,6.0,36,17,15.428571428571425,55,6,6.0
endpoint_identity_suffix,149,False,0,0.0,10,0,0.0,91,0,0.0
endpoint_identity_suffix,152,False,0,0.0,6,0,0.0,120,0,0.0
endpoint_identity_suffix,153,False,0,0.0,3,0,0.0,136,0,0.0
endpoint_identity_suffix,156,True,1,2.0,3,2,2.0,136,2,2.0
endpoint_identity_suffix,158,True,3,7.0,28,14,12.645161290322582,66,7,7.0
endpoint_identity_suffix,159,False,0,0.0,1,0,0.0,153,0,0.0
endpoint_identity_suffix,160,True,3,6.0,6,6,5.999999999999999,120,10,9.0
endpoint_identity_suffix,162,True,1,1.0,21,5,4.999999999999999,78,1,1.0
endpoint_identity_suffix,163,True,2,7.0,15,7,7.0,91,19,16.333333333333325
endpoint_identity_suffix,165,False,0,0.0,10,0,0.0,105,0,0.0
endpoint_identity_suffix,167,False,0,0.0,1,0,0.0,153,0,0.0
endpoint_identity_suffix,168,True,1,1.0,1,1,1.0,153,3,3.0
endpoint_identity_suffix,170,True,3,9.0,10,9,9.0,105,43,38.42790697674418
endpoint_identity_suffix,172,True,1,1.0,1,1,1.0,153,10,9.999999999999998
endpoint_identity_suffix,173,False,0,0.0,3,0,0.0,136,0,0.0
endpoint_identity_suffix,175,True,2,3.0,3,3,3.0,136,16,15.96774193548387
endpoint_identity_suffix,176,True,2,3.0,3,3,3.0,136,5,4.5
endpoint_identity_suffix,180,True,1,1.0,6,1,1.0,120,8,8.0
endpoint_identity_suffix,181,False,0,0.0,1,0,0.0,153,0,0.0
endpoint_identity_suffix,182,True,1,5.0,21,9,9.0,78,5,4.999999999999999
endpoint_identity_suffix,183,True,3,5.0,6,5,4.999999999999999,120,20,10.0
endpoint_identity_suffix,184,True,2,3.0,3,3,3.0,136,9,9.0
endpoint_identity_suffix,185,False,0,0.0,1,0,0.0,153,0,0.0
endpoint_identity_suffix,186,True,1,1.0,1,1,1.0,153,4,4.0
endpoint_identity_suffix,191,True,1,1.0,1,1,1.0,153,1,1.0
endpoint_identity_suffix,192,True,1,1.0,1,1,1.0,153,1,1.0
endpoint_identity_suffix,193,True,1,3.0,6,3,3.0,120,6,6.0
endpoint_identity_suffix,196,False,0,0.0,3,0,0.0,136,0,0.0
