layer,pair_type,max_abs_difference,passed
0,CC,2.220446049250313e-16,True
0,II,6.661338147750939e-16,True
1,CC,2.220446049250313e-16,True
1,II,6.661338147750939e-16,True
2,CC,3.3306690738754696e-16,True
2,II,8.881784197001252e-16,True
3,CC,2.220446049250313e-16,True
3,II,6.661338147750939e-16,True
4,CC,3.3306690738754696e-16,True
4,II,6.661338147750939e-16,True
5,CC,2.220446049250313e-16,True
5,II,4.440892098500626e-16,True
6,CC,2.220446049250313e-16,True
6,II,6.661338147750939e-16,True
7,CC,4.440892098500626e-16,True
7,II,6.661338147750939e-16,True
8,CC,2.220446049250313e-16,True
8,II,6.661338147750939e-16,True
9,CC,3.3306690738754696e-16,True
9,II,6.661338147750939e-16,True
10,CC,4.440892098500626e-16,True
10,II,4.440892098500626e-16,True
11,CC,4.440892098500626e-16,True
11,II,8.881784197001252e-16,True
12,CC,2.220446049250313e-16,True
12,II,6.661338147750939e-16,True
13,CC,2.220446049250313e-16,True
13,II,6.661338147750939e-16,True
14,CC,2.220446049250313e-16,True
14,II,8.881784197001252e-16,True
15,CC,2.220446049250313e-16,True
15,II,6.661338147750939e-16,True
16,CC,2.220446049250313e-16,True
16,II,6.661338147750939e-16,True
17,CC,2.220446049250313e-16,True
17,II,8.881784197001252e-16,True
18,CC,2.220446049250313e-16,True
18,II,6.661338147750939e-16,True
19,CC,3.3306690738754696e-16,True
19,II,4.440892098500626e-16,True
20,CC,4.440892098500626e-16,True
20,II,8.881784197001252e-16,True
21,CC,4.440892098500626e-16,True
21,II,6.661338147750939e-16,True
22,CC,2.220446049250313e-16,True
22,II,4.440892098500626e-16,True
23,CC,2.220446049250313e-16,True
23,II,6.661338147750939e-16,True
24,CC,4.440892098500626e-16,True
24,II,8.881784197001252e-16,True
25,CC,2.220446049250313e-16,True
25,II,6.661338147750939e-16,True
26,CC,2.220446049250313e-16,True
26,II,6.661338147750939e-16,True
27,CC,2.220446049250313e-16,True
27,II,6.661338147750939e-16,True
28,CC,4.440892098500626e-16,True
28,II,6.661338147750939e-16,True
29,CC,4.440892098500626e-16,True
29,II,8.881784197001252e-16,True
30,CC,2.220446049250313e-16,True
30,II,6.661338147750939e-16,True
31,CC,3.3306690738754696e-16,True
31,II,4.440892098500626e-16,True
