window,feature,n_common_problems,CC_mean_rho,II_mean_rho
L00,common_prefix_fraction,40,-0.12880369450379592,-0.005753757758990824
L00,last8_common_suffix_fraction,39,-0.7863214220636988,-0.5414893170286085
L00,masked_word_bigram_jaccard,43,-0.4167378398654642,-0.13359431769193003
L00,token_bigram_jaccard,43,-0.4419390866816982,-0.12019065654008541
L01,common_prefix_fraction,40,-0.11871331109687189,-0.017295119168585393
L01,last8_common_suffix_fraction,39,-0.8025889158147399,-0.5421006969562183
L01,masked_word_bigram_jaccard,43,-0.39386171988045776,-0.13923286381881997
L01,token_bigram_jaccard,43,-0.42736388450889906,-0.12737669714770994
L02,common_prefix_fraction,40,-0.10219779500542595,-0.019456162984433062
L02,last8_common_suffix_fraction,39,-0.7932351959039884,-0.5389181253304983
L02,masked_word_bigram_jaccard,43,-0.33457516979170004,-0.13870268786879997
L02,token_bigram_jaccard,43,-0.3994155367167541,-0.12814298803847624
L03,common_prefix_fraction,40,-0.0980163806885622,-0.025637739918115347
L03,last8_common_suffix_fraction,39,-0.7901192641509263,-0.5366176001831511
L03,masked_word_bigram_jaccard,43,-0.3488190282399323,-0.1504238751131169
L03,token_bigram_jaccard,43,-0.40540863907050667,-0.13810052168349957
L04,common_prefix_fraction,40,-0.1043375318169204,-0.027265791765512137
L04,last8_common_suffix_fraction,39,-0.787244942430678,-0.5348367777033156
L04,masked_word_bigram_jaccard,43,-0.3646320776070649,-0.15983230409421134
L04,token_bigram_jaccard,43,-0.4161268590552511,-0.14949011615514432
L05,common_prefix_fraction,40,-0.10073393453062096,-0.02976666705144202
L05,last8_common_suffix_fraction,39,-0.783751280247793,-0.5333619173051594
L05,masked_word_bigram_jaccard,43,-0.36236081277241583,-0.16613064013669074
L05,token_bigram_jaccard,43,-0.39948171910592783,-0.15492756034484173
L06,common_prefix_fraction,40,-0.10074553047267439,-0.03354061127612924
L06,last8_common_suffix_fraction,39,-0.7798728125149972,-0.530680569428708
L06,masked_word_bigram_jaccard,43,-0.37274808360433853,-0.1627577017197863
L06,token_bigram_jaccard,43,-0.41802657692895157,-0.15237774711862437
L07,common_prefix_fraction,40,-0.10040827459959537,-0.026549096060628406
L07,last8_common_suffix_fraction,39,-0.7745655865628173,-0.5293003015588953
L07,masked_word_bigram_jaccard,43,-0.3957617453599858,-0.16410946184945222
L07,token_bigram_jaccard,43,-0.42911828356627046,-0.1526978494915902
L08,common_prefix_fraction,40,-0.11221317258542463,-0.02291683021418257
L08,last8_common_suffix_fraction,39,-0.7734144398687728,-0.5263621218211736
L08,masked_word_bigram_jaccard,43,-0.35750159807176674,-0.1645391843374388
L08,token_bigram_jaccard,43,-0.40954361620844204,-0.15190792885207172
L09,common_prefix_fraction,40,-0.11201553191837728,-0.022895582908807232
L09,last8_common_suffix_fraction,39,-0.7705750792951973,-0.5238388576745826
L09,masked_word_bigram_jaccard,43,-0.3421166962333996,-0.15470593763201188
L09,token_bigram_jaccard,43,-0.3940403241419503,-0.1448549259467332
L10,common_prefix_fraction,40,-0.11698072960288133,-0.022495887239194674
L10,last8_common_suffix_fraction,39,-0.7655355011314734,-0.5211441313134779
L10,masked_word_bigram_jaccard,43,-0.3557590438658833,-0.15789050484081688
L10,token_bigram_jaccard,43,-0.4071073722259433,-0.14801688030128224
L11,common_prefix_fraction,40,-0.12489009038367142,-0.018751081699518488
L11,last8_common_suffix_fraction,39,-0.7614286105585324,-0.5193077146882994
L11,masked_word_bigram_jaccard,43,-0.3882845387943981,-0.162698359910481
L11,token_bigram_jaccard,43,-0.43158877211455315,-0.15493042376767666
L12,common_prefix_fraction,40,-0.13159135250799817,-0.01830939393569389
L12,last8_common_suffix_fraction,39,-0.7486769159399014,-0.517086210483358
L12,masked_word_bigram_jaccard,43,-0.39450088787266663,-0.15744162112533147
L12,token_bigram_jaccard,43,-0.42488140829204923,-0.1499464362870038
L13,common_prefix_fraction,40,-0.12213415756780957,-0.02225982258695396
L13,last8_common_suffix_fraction,39,-0.7455351836996166,-0.5142729906677149
L13,masked_word_bigram_jaccard,43,-0.39493739000556366,-0.16059078458553547
L13,token_bigram_jaccard,43,-0.4270317383030664,-0.15377462454863797
L14,common_prefix_fraction,40,-0.1332900325681023,-0.02237573294340097
L14,last8_common_suffix_fraction,39,-0.7433115191280902,-0.5125195076297002
L14,masked_word_bigram_jaccard,43,-0.4031418918778049,-0.16014643550764934
L14,token_bigram_jaccard,43,-0.4314841760135457,-0.15383028751694175
L15,common_prefix_fraction,40,-0.14162949642832723,-0.025827556292773318
L15,last8_common_suffix_fraction,39,-0.7319932351137758,-0.5110228805983957
L15,masked_word_bigram_jaccard,43,-0.4076259103224277,-0.16096063716153267
L15,token_bigram_jaccard,43,-0.4378945105715751,-0.15294748692001192
L16,common_prefix_fraction,40,-0.14471040761502627,-0.03200976480851335
L16,last8_common_suffix_fraction,39,-0.731585724580238,-0.5078926751797543
L16,masked_word_bigram_jaccard,43,-0.4068975784825646,-0.16042924437006623
L16,token_bigram_jaccard,43,-0.4406874517880412,-0.15365984863202423
L17,common_prefix_fraction,40,-0.14628777095998868,-0.03496344271024622
L17,last8_common_suffix_fraction,39,-0.7254400592309056,-0.5064453629619573
L17,masked_word_bigram_jaccard,43,-0.41619193445175506,-0.15968857705241346
L17,token_bigram_jaccard,43,-0.43973293789859474,-0.1524996045006944
L18,common_prefix_fraction,40,-0.14561500290972146,-0.0351244491368289
L18,last8_common_suffix_fraction,39,-0.7318685722747849,-0.5037451085126301
L18,masked_word_bigram_jaccard,43,-0.41724285695020835,-0.1605795805231135
L18,token_bigram_jaccard,43,-0.44670632800867455,-0.15196543942108512
L19,common_prefix_fraction,40,-0.15514984827718067,-0.03811510572620504
L19,last8_common_suffix_fraction,39,-0.7270498171048606,-0.5001071785515505
L19,masked_word_bigram_jaccard,43,-0.41626019991386726,-0.16334813274913607
L19,token_bigram_jaccard,43,-0.44254992548413397,-0.1535807572195438
L20,common_prefix_fraction,40,-0.17337062113162777,-0.0419825019435361
L20,last8_common_suffix_fraction,39,-0.7277712802541787,-0.49730460010363997
L20,masked_word_bigram_jaccard,43,-0.41557193413721927,-0.16033083585337274
L20,token_bigram_jaccard,43,-0.44460876076663747,-0.15182105614577576
L21,common_prefix_fraction,40,-0.1650065389972471,-0.042565482514989386
L21,last8_common_suffix_fraction,39,-0.7243643278951897,-0.4912810935322023
L21,masked_word_bigram_jaccard,43,-0.40898825923479737,-0.16575740701251804
L21,token_bigram_jaccard,43,-0.4267522457424065,-0.15765538562571105
L22,common_prefix_fraction,40,-0.152274579236984,-0.04119760759586738
L22,last8_common_suffix_fraction,39,-0.7138523509813925,-0.4839494034019863
L22,masked_word_bigram_jaccard,43,-0.4094379784789302,-0.17129370961343476
L22,token_bigram_jaccard,43,-0.425294222869913,-0.16357771731513793
L23,common_prefix_fraction,40,-0.1580363471923901,-0.03507278722433281
L23,last8_common_suffix_fraction,39,-0.7142453451572599,-0.47629908442072805
L23,masked_word_bigram_jaccard,43,-0.4001681961267401,-0.17451259968714128
L23,token_bigram_jaccard,43,-0.4167373884631187,-0.16666673911897653
L24,common_prefix_fraction,40,-0.16832891076993736,-0.03683474255816759
L24,last8_common_suffix_fraction,39,-0.7146478882127357,-0.4613807653860343
L24,masked_word_bigram_jaccard,43,-0.40140288491415616,-0.18152901585291678
L24,token_bigram_jaccard,43,-0.4209710802642823,-0.17779401043376522
L24-L31,common_prefix_fraction,40,-0.14535714546909068,-0.04267951660677721
L24-L31,last8_common_suffix_fraction,39,-0.70495999577345,-0.43565550760526695
L24-L31,masked_word_bigram_jaccard,43,-0.3431257690321969,-0.14980940382657107
L24-L31,token_bigram_jaccard,43,-0.35669755806567416,-0.14484827067414838
L25,common_prefix_fraction,40,-0.15579189753045014,-0.035331644823515654
L25,last8_common_suffix_fraction,39,-0.7154508299683883,-0.44933802531758377
L25,masked_word_bigram_jaccard,43,-0.3909028754407903,-0.18390995297729246
L25,token_bigram_jaccard,43,-0.4151361977999382,-0.18024831942394698
L26,common_prefix_fraction,40,-0.15355243621563291,-0.03876087438100606
L26,last8_common_suffix_fraction,39,-0.7197374309106694,-0.4429911870191046
L26,masked_word_bigram_jaccard,43,-0.3620100351830584,-0.1852074844579073
L26,token_bigram_jaccard,43,-0.39658532097288723,-0.18148068513246599
L27,common_prefix_fraction,40,-0.17002382857104176,-0.027136599797310763
L27,last8_common_suffix_fraction,39,-0.7052087821633213,-0.42546069681487625
L27,masked_word_bigram_jaccard,43,-0.3637135128170408,-0.16972308853686027
L27,token_bigram_jaccard,43,-0.3917080101822165,-0.1665971187518798
L28,common_prefix_fraction,40,-0.14910902303580753,-0.03357451586579854
L28,last8_common_suffix_fraction,39,-0.6784448442597732,-0.35390315072169165
L28,masked_word_bigram_jaccard,43,-0.2931574595277637,-0.13446791289376506
L28,token_bigram_jaccard,43,-0.322175705148317,-0.1314107566490546
L29,common_prefix_fraction,40,-0.1367123822882542,-0.068858544966389
L29,last8_common_suffix_fraction,39,-0.6807338836090862,-0.37905313813356817
L29,masked_word_bigram_jaccard,43,-0.28578756856733334,-0.10870519859648362
L29,token_bigram_jaccard,43,-0.3061252866389777,-0.10796877955937582
L30,common_prefix_fraction,40,-0.12488538403465066,-0.05814664777347041
L30,last8_common_suffix_fraction,39,-0.6517430072747883,-0.35341103774636073
L30,masked_word_bigram_jaccard,43,-0.30271823363851036,-0.09992000355830402
L30,token_bigram_jaccard,43,-0.2997602224231228,-0.09037366335356231
L31,common_prefix_fraction,40,-0.15302373910998868,-0.04548273812803583
L31,last8_common_suffix_fraction,39,-0.6970539353891878,-0.4297268386923383
L31,masked_word_bigram_jaccard,43,-0.36490296245697684,-0.12656668112347746
L31,token_bigram_jaccard,43,-0.3615349006373165,-0.1270359770816451
