window,n_problems,CC_mean,II_mean,II_minus_CC,fraction_problems_CC_closer
L00,88,0.6580541935649119,1.0348471618201658,0.376792968255254,0.8409090909090909
L01,88,0.6839384059979765,1.051879171247055,0.3679407652490783,0.8295454545454546
L02,88,0.6972726042006574,1.0622958436736831,0.3650232394730258,0.8522727272727273
L03,88,0.710565532829648,1.0715844311099711,0.36101889828032313,0.8522727272727273
L04,88,0.729550771378438,1.0891532582920054,0.3596024869135674,0.8636363636363636
L05,88,0.739706204491272,1.0942780302577,0.3545718257664281,0.8636363636363636
L06,88,0.7400173758886343,1.0970862531171255,0.35706887722849134,0.8636363636363636
L07,88,0.7385987920959439,1.1014438545315484,0.36284506243560455,0.875
L08,88,0.7387803558990047,1.1059185215427765,0.36713816564377183,0.8977272727272727
L09,88,0.7350185883610864,1.106029735043573,0.37101114668248675,0.8977272727272727
L10,88,0.7382588728303268,1.1109466705294866,0.37268779769916,0.9204545454545454
L11,88,0.7318392409207832,1.1065395285610335,0.3747002876402501,0.8977272727272727
L12,88,0.7268728247248872,1.1047071280318799,0.3778343033069928,0.8977272727272727
L13,88,0.7205037874943977,1.1036748903000322,0.3831711028056343,0.8977272727272727
L14,88,0.7190864191689438,1.1076383500570084,0.3885519308880647,0.8977272727272727
L15,88,0.7177629235478288,1.1122515958295176,0.39448867228168893,0.8977272727272727
L16,88,0.7197583655823709,1.1179238062901709,0.3981654407077999,0.8977272727272727
L17,88,0.710662725553536,1.1156372201480187,0.4049744945944825,0.8977272727272727
L18,88,0.69959090610569,1.1142423601348879,0.41465145402919795,0.8977272727272727
L19,88,0.6879229575865472,1.11228929857297,0.42436634098642273,0.9090909090909091
L20,88,0.6794816207049343,1.1125208071723949,0.4330391864674603,0.9204545454545454
L21,88,0.681399181690201,1.117062197301655,0.43566301561145426,0.9318181818181818
L22,88,0.6824693378307618,1.1199568523784023,0.43748751454764023,0.9431818181818182
L23,88,0.685337653308266,1.1249607092241651,0.43962305591589906,0.9318181818181818
L24,88,0.6886317662889767,1.131046722591421,0.44241495630244415,0.9318181818181818
L25,88,0.6878095801504348,1.1316019076952026,0.4437923275447679,0.9431818181818182
L26,88,0.6851548996759568,1.1321974204876717,0.4470425208117149,0.9545454545454546
L27,88,0.686877917585138,1.1401467738296445,0.45326885624450636,0.9545454545454546
L28,88,0.727818297683397,1.1501328035319853,0.4223145058485885,0.9204545454545454
L29,88,0.7261080785064308,1.1450451776624497,0.418937099156019,0.9204545454545454
L30,88,0.6965582865785009,1.1055388857651407,0.40898059918663954,0.9090909090909091
L31,88,0.6726038204988481,1.1264213885481125,0.45381756804926404,0.9431818181818182
L24-L31,88,0.6964453308709605,1.1327663850139535,0.43632105414299294,0.9431818181818182
