problem_id,incorrect_attempts,correct_attempts,eligible
1,16,4,True
2,14,6,True
3,17,3,True
4,12,8,True
5,19,1,False
8,8,12,True
9,13,7,True
11,18,2,True
13,19,1,False
15,16,4,True
16,13,7,True
18,19,1,False
20,17,3,True
23,18,2,True
24,15,2,True
25,12,8,True
26,14,6,True
28,19,1,False
29,19,1,False
31,17,3,True
36,17,3,True
37,18,2,True
39,18,2,True
40,19,1,False
43,19,1,False
44,19,1,False
46,14,3,True
47,16,4,True
48,10,10,True
49,19,1,False
50,18,2,True
51,19,1,False
52,19,1,False
53,18,2,True
54,18,2,True
55,19,1,False
56,15,5,True
57,17,3,True
59,16,4,True
62,16,4,True
63,17,3,True
64,19,1,False
65,19,1,False
68,19,1,False
69,17,1,False
71,19,1,False
72,17,3,True
73,19,1,False
74,6,14,True
77,19,1,False
79,12,8,True
80,13,7,True
81,16,4,True
82,16,4,True
83,18,2,True
84,16,4,True
85,19,1,False
87,10,6,True
89,18,2,True
90,17,3,True
91,18,2,True
92,19,1,False
93,18,2,True
98,17,2,True
99,18,2,True
100,18,2,True
102,19,1,False
104,6,14,True
106,19,1,False
107,3,13,True
109,11,7,True
110,17,3,True
114,16,4,True
115,16,4,True
117,18,2,True
118,13,7,True
124,19,1,False
125,19,1,False
126,19,1,False
128,15,5,True
129,19,1,False
130,7,13,True
131,19,1,False
133,19,1,False
136,16,2,True
137,2,1,False
138,18,2,True
139,19,1,False
140,16,4,True
142,12,8,True
144,11,9,True
145,19,1,False
146,19,1,False
147,19,1,False
149,14,5,True
152,16,4,True
153,17,3,True
156,17,3,True
157,19,1,False
158,12,8,True
159,18,2,True
160,16,4,True
162,13,7,True
163,14,6,True
165,15,5,True
167,18,2,True
168,18,2,True
170,15,5,True
172,18,2,True
173,17,3,True
175,17,3,True
176,17,3,True
178,19,1,False
180,16,4,True
181,18,2,True
182,13,7,True
183,16,4,True
184,17,3,True
185,18,2,True
186,18,2,True
190,19,1,False
191,18,2,True
192,18,2,True
193,16,4,True
194,19,1,False
195,19,1,False
196,17,3,True
197,19,1,False
198,19,1,False
