feature,n_common_problems,CC_mean,II_mean,CC_minus_II
token_bigram_jaccard,88,0.25800306759437336,0.1711198498619171,0.08688321773245629
masked_word_bigram_jaccard,88,0.2768824982355276,0.1896642610130769,0.08721823722245067
common_prefix_fraction,88,0.02311550295162823,0.023404758972646874,-0.00028925602101863827
last8_common_suffix_fraction,88,0.2484083151696788,0.049919570674918264,0.19848874449476053
last_token_equal,88,0.5596971841290023,0.18069109106876488,0.3790060930602374
numeric_value_jaccard,88,0.7179026972968547,0.41997146279569814,0.29793123450115644
generated_tokens_mean,88,99.9541527916528,110.308453580362,-10.35430078870921
abs_log_length_difference,88,0.3408138236756169,0.22929963144290177,0.11151419223271511
both_prior_selected_value,88,0.47371157882521514,0.2092346360561601,0.26447694276905503
either_prior_selected_value,88,0.7747143008506644,0.6735101982093961,0.10120410264126843
