problem_id,pair_type,token_bigram_jaccard,masked_word_bigram_jaccard,common_prefix_fraction,last8_common_suffix_fraction,last_token_equal,numeric_value_jaccard,generated_tokens_mean,abs_log_length_difference,both_prior_selected_value,either_prior_selected_value
1,CC,0.16926186622953474,0.22860202003690233,0.005555555555555556,0.020833333333333332,0.16666666666666666,0.75,89.5,0.716602750362871,0.0,0.5
1,II,0.124680873448029,0.13799489793963834,0.003043244649005916,0.008333333333333333,0.03333333333333333,0.32558966496466496,116.375,0.1264979114948665,0.3,0.825
2,CC,0.19456826226820415,0.20000906036343716,0.012497112497112496,0.06666666666666667,0.2,0.8416666666666667,102.83333333333333,0.22459061566583519,0.6666666666666666,1.0
2,II,0.08554864384941052,0.10882271521847499,0.0030526699535800422,0.012362637362637362,0.054945054945054944,0.32666408951961634,115.35714285714286,0.11228370708348845,0.3956043956043956,0.8901098901098901
3,CC,0.14208236836392318,0.17371779006132607,0.0,0.16666666666666666,1.0,0.75,102.33333333333333,0.2264515783801079,1.0,1.0
3,II,0.16664690428270945,0.18723684671417812,0.026852053271118174,0.03860294117647059,0.22794117647058823,0.5783247389865036,112.29411764705883,0.19946439372868197,0.20588235294117646,0.7352941176470589
4,CC,0.2304515253525144,0.25015631847254616,0.00655883072407045,0.08928571428571429,0.25,0.7619047619047619,96.125,0.43476102139508516,0.35714285714285715,0.8928571428571429
4,II,0.08668276432966969,0.107678284548542,0.0192426025294771,0.10984848484848485,0.30303030303030304,0.38700569211932845,111.58333333333333,0.41656163288308873,0.5454545454545454,0.9545454545454546
8,CC,0.30812339149661566,0.3390012808668316,0.0934261001044796,0.24015151515151514,0.4090909090909091,0.5182659932659933,66.16666666666667,0.6800548473951192,0.3181818181818182,0.8484848484848485
8,II,0.13694592925534269,0.13105815604937335,0.045458795990361386,0.0,0.0,0.24020622234907948,112.375,0.2200534245729389,0.10714285714285714,0.6428571428571429
9,CC,0.36938976338404284,0.33605094141308234,0.010861008977769806,0.2261904761904762,0.42857142857142855,0.8115079365079365,101.14285714285714,0.3975667102076949,0.14285714285714285,0.7142857142857143
9,II,0.21083256903176034,0.214157383530114,0.004095061608516521,0.027243589743589744,0.1282051282051282,0.5333551064320294,120.23076923076923,0.09406277284756548,0.46153846153846156,0.9230769230769231
11,CC,0.2391304347826087,0.22666666666666666,0.012195121951219513,0.0,0.0,0.8333333333333334,83.5,0.035506688456909075,0.0,1.0
11,II,0.20011007293551292,0.2211679455265402,0.011743879929690665,0.008986928104575163,0.06535947712418301,0.5649301134595252,112.83333333333333,0.1499051801491357,0.09803921568627451,0.5686274509803921
15,CC,0.15397273573212625,0.1727629002852681,0.01098595929974229,0.0625,0.16666666666666666,0.2606244281436097,123.25,0.028053391688020863,1.0,1.0
15,II,0.1308124743855615,0.16847001774386197,0.019338206609489372,0.026041666666666668,0.058333333333333334,0.15074241413099826,112.9375,0.16243675982838818,0.125,0.625
16,CC,0.16272752945253258,0.17897694960582516,0.004731944808655259,0.23809523809523808,0.47619047619047616,0.6238444095586952,99.0,0.37887397822698277,0.7142857142857143,1.0
16,II,0.09606822564980363,0.10401345372710061,0.01909906490886453,0.008012820512820512,0.05128205128205128,0.19550656469565733,116.38461538461539,0.07519503188492487,0.1282051282051282,0.6410256410256411
20,CC,0.17113482631309454,0.1976858925388337,0.004219409282700422,0.16666666666666666,1.0,0.7333333333333334,100.0,0.30810696785647335,0.0,0.6666666666666666
20,II,0.12488966927917934,0.14610553709567944,0.00579786777089988,0.02665441176470588,0.14705882352941177,0.3109345311551194,108.76470588235294,0.2849872090917925,0.20588235294117646,0.7352941176470589
23,CC,0.1390728476821192,0.15,0.00819672131147541,0.25,1.0,1.0,124.0,0.03200273108617413,0.0,0.0
23,II,0.2188524532321065,0.2430506381116159,0.006094438288900121,0.0727124183006536,0.1830065359477124,0.5983660130718954,113.61111111111111,0.1741404107340651,0.43137254901960786,0.9019607843137255
24,CC,0.13432835820895522,0.14,0.0,0.0,0.0,0.36363636363636365,120.0,0.01652930195121094,0.0,1.0
24,II,0.18387849189329042,0.17558653801733337,0.02604603315675141,0.05119047619047619,0.29523809523809524,0.19560571703428847,118.0,0.07794647604264797,0.02857142857142857,0.37142857142857144
25,CC,0.21700647584497565,0.21067477916764812,0.007075945132151221,0.16517857142857142,1.0,0.6952161925376211,111.125,0.1797419203057283,1.0,1.0
25,II,0.13088448233414918,0.13086094351484912,0.0030723144452652652,0.030303030303030304,0.07575757575757576,0.3906568154562807,113.58333333333333,0.17694964848226968,0.42424242424242425,0.9090909090909091
26,CC,0.20191775055720604,0.19765803122208633,0.011328671328671328,0.26666666666666666,0.6666666666666666,0.7428571428571428,104.83333333333333,0.16998636425147465,1.0,1.0
26,II,0.09146545457896933,0.08773171839479195,0.019704471493851926,0.03021978021978022,0.23076923076923078,0.3064154386875783,117.35714285714286,0.1008798245190526,0.10989010989010989,0.6043956043956044
31,CC,0.2240900101916159,0.2233996894379985,0.008230452674897118,0.4166666666666667,1.0,0.8666666666666667,108.0,0.27031007207210916,0.0,0.0
31,II,0.15232201849024432,0.18929938424162454,0.005005872166169427,0.03308823529411765,0.09558823529411764,0.38591675766285355,110.82352941176471,0.23989735703573103,0.20588235294117646,0.7352941176470589
36,CC,0.42970592315161604,0.4918899361078753,0.012578616352201257,1.0,1.0,0.9047619047619048,93.0,0.3507287305978532,0.0,0.0
36,II,0.16641128400819638,0.2119573153143754,0.029161974963953032,0.109375,0.16911764705882354,0.40704267138090666,91.52941176470588,0.35133345402755556,0.007352941176470588,0.22794117647058823
37,CC,0.11578947368421053,0.1891891891891892,0.03225806451612903,0.125,1.0,0.8,68.5,1.2070929316621792,1.0,1.0
37,II,0.12322740575848311,0.1464505246206012,0.033889185446304954,0.010620915032679739,0.0392156862745098,0.22794565210943527,106.22222222222223,0.2353261698916593,0.06535947712418301,0.49019607843137253
39,CC,0.034782608695652174,0.17391304347826086,0.0,0.0,0.0,0.45454545454545453,68.0,0.6286086594223739,0.0,0.0
39,II,0.11747381079658781,0.13292058560190118,0.004584868133242776,0.015522875816993464,0.10457516339869281,0.36672837873818265,112.94444444444444,0.16620937348795095,0.35947712418300654,0.8627450980392157
46,CC,0.5722230667882842,0.6430065359477124,0.13224932249322494,0.25,1.0,1.0,123.0,0.032264360574566574,0.0,0.0
46,II,0.45675954597570223,0.4530214878531262,0.06675105335037465,0.125,0.32967032967032966,0.8407465550322692,115.07142857142857,0.1270311530446136,0.3956043956043956,0.8901098901098901
47,CC,0.25564887593475405,0.25810100032046024,0.0030303030303030303,0.08333333333333333,0.3333333333333333,0.7222222222222222,96.25,0.35635143870820424,0.5,1.0
47,II,0.1934204773687524,0.19734240559263766,0.008205286704019,0.034375,0.18333333333333332,0.6276025132275133,111.1875,0.2041149292314221,0.375,0.875
48,CC,0.24759586942141174,0.25841904452914377,0.04116321542987832,0.31666666666666665,0.4888888888888889,0.701595318261985,93.3,0.33948669126139847,1.0,1.0
48,II,0.14917703881562866,0.15953417220407898,0.010126016889823331,0.09722222222222222,0.15555555555555556,0.3354761904761905,93.8,0.7236741522249618,0.2222222222222222,0.7777777777777778
50,CC,0.1322314049586777,0.1134020618556701,0.0,0.0,0.0,0.4,94.0,0.7010523600670586,0.0,1.0
50,II,0.16164912851402874,0.18203418058629361,0.01204968890188596,0.01715686274509804,0.058823529411764705,0.48403133721761166,121.72222222222223,0.054028492921258046,0.23529411764705882,0.7647058823529411
53,CC,0.13924050632911392,0.21138211382113822,0.038834951456310676,0.0,0.0,0.3076923076923077,109.5,0.11778303565638382,1.0,1.0
53,II,0.1588636551445549,0.21234086861682225,0.028268266225448688,0.013888888888888888,0.0784313725490196,0.3859282164501311,97.16666666666667,0.3562397582290109,0.13725490196078433,0.6405228758169934
54,CC,0.034482758620689655,0.03614457831325301,0.0,0.25,1.0,0.0,64.5,3.2268439945173775,0.0,0.0
54,II,0.16329174094713492,0.17331377802346593,0.05385011304895083,0.049019607843137254,0.37254901960784315,0.17485537338478516,114.0,0.1378165887875692,0.13725490196078433,0.6405228758169934
56,CC,0.1361620897116441,0.1816710694008024,0.016137566137566138,0.275,1.0,0.5691414141414142,93.2,0.47519840182500983,1.0,1.0
56,II,0.1071639813122492,0.14504196656648619,0.02494382983968547,0.034523809523809526,0.21904761904761905,0.24218908076050935,89.8,0.48989066802541087,0.2,0.7333333333333333
57,CC,0.21099132527703957,0.23456164074825334,0.0,0.20833333333333334,0.3333333333333333,0.8333333333333334,93.0,0.049934205448745196,0.0,0.0
57,II,0.21157150696115623,0.2347052159898331,0.010105886198217931,0.2601102941176471,0.7720588235294118,0.5666665238356415,108.23529411764706,0.1571349153963512,0.11029411764705882,0.5955882352941176
59,CC,0.1803523914590255,0.19420210777649358,0.03120882740447958,0.125,0.5,0.823905723905724,93.0,0.5239447639671867,0.0,0.5
59,II,0.09631365274828661,0.1257947024638802,0.04201136199920511,0.005208333333333333,0.041666666666666664,0.4288146575646576,110.25,0.31691659048557963,0.375,0.875
62,CC,0.17862761667746416,0.20783375782065427,0.0,0.25,1.0,0.44027777777777777,117.5,0.05839963387312519,0.5,1.0
62,II,0.13166238403143132,0.1487120740498486,0.004111563507899204,0.034375,0.15833333333333333,0.3021014633514634,112.9375,0.1629897753335906,0.08333333333333333,0.5416666666666666
63,CC,0.6037235096058625,0.605936272370144,0.0718941798941799,0.5833333333333334,1.0,0.8518518518518517,125.66666666666667,0.005270119671408817,1.0,1.0
63,II,0.5602274015174088,0.5702104409781747,0.08503167669266469,0.2693014705882353,0.5955882352941176,0.9096200980392156,120.29411764705883,0.08369664045667208,0.8823529411764706,1.0
72,CC,0.5772373331471737,0.6544399526991722,0.032520325203252036,0.3333333333333333,0.3333333333333333,0.6518518518518519,119.66666666666667,0.06728394572664047,0.3333333333333333,1.0
72,II,0.38788130681989813,0.44455027662089747,0.02999646421392199,0.27481617647058826,0.4485294117647059,0.7004646089204912,107.70588235294117,0.21888959597092553,0.0,0.11764705882352941
74,CC,0.32432681492702137,0.35926941418885905,0.031109584894191144,0.6428571428571429,0.7362637362637363,0.7880690737833594,80.35714285714286,0.1981702158770671,0.6043956043956044,0.967032967032967
74,II,0.21504026251397226,0.2500586898541476,0.052931476797838876,0.2833333333333333,0.6666666666666666,0.4757671957671957,106.5,0.2490065643842473,0.6666666666666666,1.0
79,CC,0.2884543856165163,0.3281632750288087,0.05580984564840391,0.17410714285714285,0.2857142857142857,0.8877551020408163,86.125,0.14801070695216054,0.21428571428571427,0.7857142857142857
79,II,0.16840408775994709,0.16236825671438507,0.07052605725611273,0.036616161616161616,0.18181818181818182,0.6135336885336885,101.25,0.5937612800206227,0.0,0.0
80,CC,0.23166512745047171,0.22149000854152007,0.0052328623757195184,0.24404761904761904,0.5238095238095238,0.7899659863945578,77.42857142857143,0.4069014130200787,0.047619047619047616,0.5238095238095238
80,II,0.10451449274178841,0.11016553509702828,0.004437662682233485,0.014423076923076924,0.02564102564102564,0.37899458091765786,117.46153846153847,0.07754360855666728,0.2692307692307692,0.8076923076923077
81,CC,0.3450570408151386,0.3634077789553642,0.008093758093758093,0.6458333333333334,1.0,0.9,99.0,0.21317134656485992,1.0,1.0
81,II,0.1950386110323172,0.23813713683655469,0.007526566187740946,0.020833333333333332,0.10833333333333334,0.38532350751100747,116.1875,0.13504892993862327,0.4583333333333333,0.9166666666666666
82,CC,0.12334255285278872,0.1178860880453173,0.02046105919003115,0.0,0.0,0.42281746031746037,119.0,0.08520703394186772,0.5,1.0
82,II,0.1874650338739802,0.19981465310826269,0.036487953426147,0.008333333333333333,0.03333333333333333,0.322645202020202,118.5,0.07407249173989426,0.125,0.625
83,CC,0.4528301886792453,0.3157894736842105,0.13636363636363635,0.125,1.0,1.0,54.0,0.3677247801253172,0.0,0.0
83,II,0.17385050422241782,0.16313691979311534,0.1767739147459286,0.017973856209150325,0.0457516339869281,0.3591105512522377,109.38888888888889,0.35511523266083783,0.0392156862745098,0.40522875816993464
84,CC,0.19872523601001194,0.21261803011803013,0.0019157088122605363,0.14583333333333334,0.5,0.9047619047619048,91.25,0.49585053992271805,1.0,1.0
84,II,0.14888049917885887,0.18275466254113898,0.0031207595311212024,0.004166666666666667,0.025,0.5608751202501202,118.6875,0.0945487483891396,0.3,0.825
87,CC,0.3121797760642518,0.30093630301898816,0.008556574923547399,0.275,0.4666666666666667,0.962962962962963,104.16666666666667,0.2954995127892406,0.6666666666666666,1.0
87,II,0.1187533354435373,0.1228079811946658,0.005687737458634021,0.002777777777777778,0.022222222222222223,0.22700256533589866,109.9,0.19109952566004854,0.3333333333333333,0.8666666666666667
89,CC,0.7640449438202247,0.726027397260274,0.008130081300813009,1.0,1.0,1.0,124.0,0.016000341346440905,1.0,1.0
89,II,0.20544073104697788,0.24311463763833255,0.02417585180843157,0.04493464052287582,0.20261437908496732,0.4085978835978836,109.88888888888889,0.3868007841762637,0.43137254901960786,0.9019607843137255
90,CC,0.18957407863779308,0.1995622704641423,0.008333333333333333,0.16666666666666666,0.3333333333333333,0.6666666666666666,81.66666666666667,0.7060542999409831,1.0,1.0
90,II,0.1260173434617866,0.11344346379554109,0.01203967289779,0.001838235294117647,0.014705882352941176,0.37522931521093283,110.29411764705883,0.2529901046041118,0.15441176470588236,0.6691176470588235
91,CC,0.24,0.3047619047619048,0.0,0.0,0.0,0.5,118.5,0.10889408823913715,1.0,1.0
91,II,0.25176400664785753,0.30945573936731985,0.019467304157263016,0.08905228758169935,0.3333333333333333,0.5757844551962199,117.5,0.09415265066168901,0.23529411764705882,0.7647058823529411
93,CC,0.39603960396039606,0.37333333333333335,0.0,0.25,1.0,0.8888888888888888,121.5,0.0735024619929261,0.0,0.0
93,II,0.12358961467347308,0.14070179169187,0.006641404165243959,0.12091503267973856,0.6862745098039216,0.4161909804066667,106.22222222222223,0.20503217187753597,0.09803921568627451,0.5686274509803921
98,CC,0.20930232558139536,0.22641509433962265,0.01904761904761905,1.0,1.0,0.7142857142857143,116.0,0.18859116980754997,1.0,1.0
98,II,0.19839767398075703,0.21014435380506055,0.00686460794125055,0.04871323529411765,0.27205882352941174,0.4552526313555725,113.0,0.16537583749791643,0.2647058823529412,0.7941176470588235
99,CC,0.2375,0.208955223880597,0.0,0.5,1.0,1.0,69.0,1.2163953243244934,1.0,1.0
99,II,0.15658340507410798,0.15269334452680663,0.013533100612726518,0.010620915032679739,0.0392156862745098,0.37262686674906675,104.38888888888889,0.17349530836008292,0.09803921568627451,0.5686274509803921
100,CC,0.25,0.2159090909090909,0.0,0.125,1.0,0.7,103.5,0.02871010588243106,0.0,1.0
100,II,0.1938117338075803,0.22693209109697013,0.011281714029630427,0.08660130718954248,0.37254901960784315,0.4746670903533648,119.83333333333333,0.04645659749209939,0.0392156862745098,0.40522875816993464
104,CC,0.23067123729647715,0.27091971729715886,0.0058732505588342055,0.2980769230769231,0.46153846153846156,0.8194008372579801,89.92857142857143,0.2914769196672359,0.4945054945054945,0.9340659340659341
104,II,0.1300629684549892,0.16255195159486585,0.004973544973544974,0.0,0.0,0.5337033337033338,108.5,0.4023865066472808,0.4,0.9333333333333333
107,CC,0.45320605292650784,0.4465572432180493,0.18667160635485525,0.4230769230769231,0.6153846153846154,0.9340659340659341,95.53846153846153,0.3857230458458202,0.7051282051282052,0.9871794871794872
107,II,0.20441529273521208,0.21953862953862954,0.008547008547008546,0.08333333333333333,0.3333333333333333,0.36944444444444446,110.33333333333333,0.24979563296094,0.3333333333333333,1.0
109,CC,0.1718171326504122,0.2823685757906732,0.009628851540616247,0.16666666666666666,0.42857142857142855,0.8539682539682539,56.42857142857143,0.9311976095595424,1.0,1.0
109,II,0.1255211708681985,0.13638290228192837,0.017840829160649243,0.00909090909090909,0.05454545454545454,0.2824279256097438,83.9090909090909,0.49902109304701936,0.01818181818181818,0.34545454545454546
110,CC,0.17009178843383413,0.18094405594405594,0.0,0.125,1.0,0.888888888888889,87.66666666666667,0.4398738401949025,0.3333333333333333,1.0
110,II,0.14610659138527826,0.13999120552709998,0.020662621894412914,0.02022058823529412,0.13970588235294118,0.5582958197847904,119.70588235294117,0.08033436068862686,0.2647058823529412,0.7941176470588235
114,CC,0.3340395219184534,0.37411298224347506,0.06667361545410326,0.0625,0.5,0.7999999999999999,104.75,0.4491353320403095,0.5,1.0
114,II,0.21550641382970287,0.2301646378739378,0.03985204862242985,0.020833333333333332,0.041666666666666664,0.3397204647204647,113.3125,0.18328013958121134,0.125,0.625
115,CC,0.0814903488959553,0.1008510780044957,0.0,0.041666666666666664,0.16666666666666666,0.44372294372294374,102.75,0.25427254365091717,0.16666666666666666,0.8333333333333334
115,II,0.13752763488157185,0.1461517910620681,0.007497653520801771,0.0010416666666666667,0.008333333333333333,0.365365305990306,108.375,0.22611236170483015,0.23333333333333334,0.7666666666666667
117,CC,0.49107142857142855,0.5056179775280899,0.1557377049180328,0.125,1.0,1.0,123.0,0.016129381929884445,0.0,0.0
117,II,0.1584975936858314,0.17886392621012026,0.03974105475055785,0.03676470588235294,0.09803921568627451,0.4264446273961845,108.27777777777777,0.19834823157081138,0.23529411764705882,0.7647058823529411
118,CC,0.39608549100122353,0.4685564942014069,0.014847356229343809,0.3869047619047619,1.0,0.9428571428571428,105.14285714285714,0.10925366292530385,0.0,0.2857142857142857
118,II,0.2260102495895554,0.2542332478222701,0.027274732653227867,0.14423076923076922,0.3076923076923077,0.4634414730568577,110.76923076923077,0.2117263779017741,0.19230769230769232,0.7307692307692307
128,CC,0.16416621616441485,0.2075942538440553,0.0,0.025,0.2,0.6586111111111111,112.4,0.12696916929523816,1.0,1.0
128,II,0.22952393481356995,0.26912050342260774,0.016553955290571184,0.04642857142857143,0.13333333333333333,0.759546485260771,119.4,0.08556939352594013,0.2,0.7333333333333333
130,CC,0.27581113703328025,0.28806036627453224,0.03526918539995806,0.14743589743589744,0.34615384615384615,0.8974358974358975,78.0,0.5820784976921155,0.8461538461538461,1.0
130,II,0.2621624947660693,0.2646920368996767,0.011024531996838444,0.05357142857142857,0.2857142857142857,0.8174603174603176,114.0,0.13724114892023134,0.2857142857142857,0.8571428571428571
136,CC,0.38202247191011235,0.38571428571428573,0.28865979381443296,0.0,0.0,0.5,110.0,0.23531408693446476,0.0,1.0
136,II,0.17691014685014633,0.17998373854683025,0.057246797727239083,0.05520833333333333,0.19166666666666668,0.38555435305435304,103.375,0.3000432458158076,0.23333333333333334,0.7666666666666667
138,CC,0.0425531914893617,0.05357142857142857,0.0,0.125,1.0,0.36363636363636365,108.0,0.1655144384775733,1.0,1.0
138,II,0.09753823015143138,0.12447614840228884,0.006503646916587791,0.014705882352941176,0.05228758169934641,0.3870326726644641,118.72222222222223,0.07881669022204515,0.35947712418300654,0.8627450980392157
140,CC,0.4078365016457996,0.43039496209599076,0.002710027100271003,0.3333333333333333,0.5,0.5413359788359788,120.25,0.08628821368057589,0.5,1.0
140,II,0.21831681019263352,0.2560344179462512,0.018105840000062715,0.03333333333333333,0.23333333333333334,0.3015689069201066,117.1875,0.17209349117376377,0.08333333333333333,0.5416666666666666
142,CC,0.3439666858833158,0.38957844755457144,0.002317401880218263,0.65625,1.0,0.8698979591836735,92.125,0.24472364889644244,1.0,1.0
142,II,0.09908182762270368,0.10280930770427754,0.061566300373245154,0.020833333333333332,0.030303030303030304,0.2755881534290625,108.66666666666667,0.24005147469342508,0.015151515151515152,0.3181818181818182
144,CC,0.11944807920580626,0.14869015716533868,0.03195579598999572,0.13541666666666666,0.3055555555555556,0.6583333333333333,78.55555555555556,1.1633694438411153,0.2777777777777778,0.8333333333333334
144,II,0.18221510055996704,0.20004868772436285,0.009958837730031042,0.015909090909090907,0.03636363636363636,0.5137012987012988,117.27272727272727,0.08388195191329845,0.18181818181818182,0.7272727272727273
149,CC,0.3279352445300354,0.3937743559947494,0.001976246105919003,0.2375,0.4,0.6028282828282828,102.2,0.16894450371834643,0.1,0.7
149,II,0.21129987963686678,0.24745853932709197,0.006521586545922083,0.038461538461538464,0.14285714285714285,0.47493617493617496,110.92857142857143,0.14715051378362923,0.10989010989010989,0.6043956043956044
152,CC,0.3139159197001244,0.34618020168595426,0.0017543859649122807,0.20833333333333334,0.5,0.625,87.25,0.18333668757140723,0.5,1.0
152,II,0.14825797622098372,0.16097853079905106,0.019941693704094002,0.03229166666666667,0.24166666666666667,0.2725490944240944,106.1875,0.21980505349949794,0.025,0.35
153,CC,0.18457412753880617,0.22186904005085825,0.002777777777777778,0.0,0.0,0.6070707070707071,117.66666666666667,0.05108881734727729,1.0,1.0
153,II,0.14381999350055635,0.16919539373007883,0.003683811884123923,0.008272058823529412,0.0661764705882353,0.3547350933380345,118.52941176470588,0.05634338463756183,0.11029411764705882,0.5955882352941176
156,CC,0.41092745638200184,0.3954700805490761,0.05363984674329502,0.5,1.0,0.8666666666666667,113.66666666666667,0.24979563296094,1.0,1.0
156,II,0.10439018386979573,0.11212090206236883,0.04278768632751619,0.04779411764705882,0.27941176470588236,0.21935815410080114,103.76470588235294,0.32532497886936473,0.07352941176470588,0.5147058823529411
158,CC,0.25142708725759244,0.2693321884588223,0.014172332235090401,0.20535714285714285,0.25,0.5952380952380952,103.75,0.33664086472354043,0.5357142857142857,0.9642857142857143
158,II,0.25765495262482313,0.28983740987419626,0.01928381466175319,0.03787878787878788,0.10606060606060606,0.4907762691853601,109.58333333333333,0.2824803102865147,0.09090909090909091,0.5757575757575758
159,CC,0.3445378151260504,0.32098765432098764,0.0,1.0,1.0,1.0,122.0,0.0,1.0,1.0
159,II,0.12074458135873374,0.16849855671449676,0.00950262329124428,0.004901960784313725,0.032679738562091505,0.3003336463961426,110.0,0.22405889593145037,0.1830065359477124,0.7058823529411765
160,CC,0.28087821722954837,0.26860786767523254,0.035829307568438,0.041666666666666664,0.3333333333333333,0.8666666666666667,56.25,0.42988335474776407,0.16666666666666666,0.8333333333333334
160,II,0.10091826953009843,0.09791659074385979,0.08522716022771236,0.005555555555555555,0.041666666666666664,0.2710257280845516,105.25,0.540374799872134,0.125,0.625
162,CC,0.268686600200766,0.282972314297457,0.023048099946900703,0.13690476190476192,0.42857142857142855,0.7145124716553288,88.28571428571429,0.19656368000653926,0.14285714285714285,0.7142857142857143
162,II,0.18520484304763224,0.20518736913698485,0.007653286002688948,0.049679487179487176,0.14102564102564102,0.6079858176012022,115.92307692307692,0.09127131720720492,0.5769230769230769,0.9615384615384616
163,CC,0.340742211555319,0.3749500259430602,0.0017324816105303911,0.15833333333333333,0.26666666666666666,0.5648749398749399,119.33333333333333,0.055749712690858405,0.06666666666666667,0.6
163,II,0.2608007661668411,0.2825206286496529,0.0068973072052630445,0.050824175824175824,0.2087912087912088,0.45073686996763923,117.07142857142857,0.11504765958021694,0.06593406593406594,0.5054945054945055
165,CC,0.29318541153577626,0.33358771148189126,0.05723915773804909,0.8375,1.0,0.8638888888888889,113.2,0.18665248913948992,1.0,1.0
165,II,0.14808280044171548,0.17198720074788518,0.01791896533713342,0.02142857142857143,0.06666666666666667,0.4401773623202194,112.06666666666666,0.1483387204821609,0.09523809523809523,0.5714285714285714
167,CC,0.18543046357615894,0.2066115702479339,0.0,0.0,0.0,0.5555555555555556,108.0,0.22107956709335852,0.0,1.0
167,II,0.12651622271776733,0.14624004066122942,0.03548021051286926,0.05855119825708061,0.16993464052287582,0.3746718241816281,104.61111111111111,0.5295631509997722,0.29411764705882354,0.8169934640522876
168,CC,0.29545454545454547,0.3333333333333333,0.0,0.875,1.0,0.7272727272727273,123.5,0.024097551579060905,1.0,1.0
168,II,0.12935271186871655,0.16586018415337134,0.01368159752955913,0.1511437908496732,0.6928104575163399,0.2727062455914213,97.61111111111111,0.5083441958527368,0.06535947712418301,0.49019607843137253
170,CC,0.22416953579726603,0.22083339024545232,0.03251630434782608,0.3375,1.0,0.9333333333333333,69.0,0.43006170464354154,0.0,0.4
170,II,0.16399812221621335,0.14987855374856401,0.03528106539698133,0.09761904761904762,0.42857142857142855,0.811609977324263,104.33333333333333,0.3637937570204529,0.26666666666666666,0.8
172,CC,0.143646408839779,0.19205298013245034,0.0,0.125,1.0,0.4,118.0,0.1346568851462573,1.0,1.0
172,II,0.12766049004747446,0.14546868270486493,0.060985199933527044,0.013888888888888888,0.0915032679738562,0.33030375739429946,103.77777777777777,0.5154642058271678,0.09803921568627451,0.5686274509803921
173,CC,0.22613425391203168,0.2747594793435201,0.0,0.041666666666666664,0.3333333333333333,0.6666666666666666,121.0,0.0890209284163485,0.3333333333333333,1.0
173,II,0.13210174158872814,0.13669791844551568,0.0032411509636740094,0.003676470588235294,0.014705882352941176,0.42086718428630193,110.70588235294117,0.18170291418199438,0.15441176470588236,0.6691176470588235
175,CC,0.1324047647128199,0.13217975362187886,0.00847457627118644,0.08333333333333333,0.3333333333333333,0.7321428571428571,102.0,0.4049944906543009,1.0,1.0
175,II,0.10618928700988109,0.10938383502795285,0.014126597190314167,0.05514705882352941,0.40441176470588236,0.2444120712651035,101.52941176470588,0.44234973170586744,0.04411764705882353,0.4264705882352941
176,CC,0.3025188190218616,0.28316532740230543,0.0,0.5833333333333334,1.0,1.0,84.33333333333333,0.7596228554589102,0.0,0.0
176,II,0.18561956419863102,0.21547491504735364,0.020263005748678817,0.07720588235294118,0.4338235294117647,0.3982704795204795,103.47058823529412,0.17663259804229905,0.04411764705882353,0.4264705882352941
180,CC,0.2166840423373432,0.2687588147767473,0.012931293129312932,0.0,0.0,0.5369739057239057,113.25,0.11584695069249218,0.16666666666666666,0.8333333333333334
180,II,0.11718479727338764,0.11551975956272444,0.04178940652001625,0.027083333333333334,0.08333333333333333,0.1357751653016746,117.0,0.0875667958056608,0.025,0.35
181,CC,0.20491803278688525,0.15178571428571427,0.0,0.75,1.0,1.0,93.5,0.6931471805599454,0.0,0.0
181,II,0.1624306878284901,0.1712925427177935,0.03861763749704321,0.021241830065359478,0.1437908496732026,0.2679552473670121,111.5,0.20386497452292954,0.13725490196078433,0.6405228758169934
182,CC,0.36138403635949923,0.3829638262972553,0.005734702456013932,0.19642857142857142,0.2857142857142857,0.8390331890331891,108.85714285714286,0.24111345769383088,0.2857142857142857,0.8571428571428571
182,II,0.30340685495921016,0.32640106274468506,0.019197696979323876,0.09775641025641026,0.32051282051282054,0.7354513719898335,114.07692307692308,0.11757439106676319,0.038461538461538464,0.4230769230769231
183,CC,0.13348502923691508,0.16275524036065553,0.005050505050505051,0.16666666666666666,0.16666666666666666,0.4981481481481482,97.25,0.30591392891081276,0.5,1.0
183,II,0.09240776087817199,0.11986040008538049,0.005455276440227592,0.021875,0.14166666666666666,0.4930853174603175,96.8125,0.3252815167811432,0.23333333333333334,0.7666666666666667
184,CC,0.06293432127878056,0.1091510984559113,0.0,0.041666666666666664,0.3333333333333333,0.33888888888888885,98.33333333333333,0.27613252538461275,0.0,0.0
184,II,0.16292083007548203,0.19278357997000714,0.004510646504591141,0.024816176470588234,0.0661764705882353,0.27209260486725884,93.23529411764706,0.5272554028635486,0.2647058823529412,0.7941176470588235
185,CC,0.12605042016806722,0.15384615384615385,0.02040816326530612,0.0,0.0,0.5555555555555556,86.0,0.9082585601768911,0.0,1.0
185,II,0.15052819096175307,0.16196020248054457,0.019532924172808837,0.04820261437908497,0.10457516339869281,0.303035090203487,113.94444444444444,0.17811330141443343,0.1830065359477124,0.7058823529411765
186,CC,0.4672897196261682,0.5232558139534884,0.0,0.0,0.0,0.8333333333333334,107.0,0.35555071672645155,0.0,1.0
186,II,0.11084454231297486,0.12773144248401902,0.029154583511164456,0.0196078431372549,0.0784313725490196,0.33394282732518027,110.77777777777777,0.509358415612047,0.43137254901960786,0.9019607843137255
191,CC,0.3333333333333333,0.3333333333333333,0.0,0.25,1.0,1.0,110.0,0.2536027587989187,1.0,1.0
191,II,0.23414952108210918,0.2628300532756415,0.007355833939699311,0.06535947712418301,0.20261437908496732,0.5461394995708722,111.77777777777777,0.1995490646715474,0.23529411764705882,0.7647058823529411
192,CC,0.3333333333333333,0.3063063063063063,0.0,0.5,1.0,0.7272727272727273,111.5,0.2773192854162341,0.0,0.0
192,II,0.2217379631657225,0.2832929477813103,0.012130571198801475,0.0457516339869281,0.24183006535947713,0.44658986619770935,103.38888888888889,0.3092363021868676,0.0196078431372549,0.3137254901960784
193,CC,0.14967725687469438,0.16563365304741942,0.0262977762977763,0.0625,0.5,0.5057997557997558,103.25,0.3408916449815713,0.5,1.0
193,II,0.13949407332951996,0.16590033029918017,0.01445546311428774,0.013541666666666667,0.075,0.45097210659710657,116.6875,0.11200105540336039,0.125,0.625
196,CC,0.2552392818350265,0.26969127878413285,0.019444444444444445,0.0,0.0,0.7063492063492064,123.66666666666667,0.032264360574566574,1.0,1.0
196,II,0.20816603639496364,0.2062405511004082,0.005362986509064791,0.07261029411764706,0.22794117647058823,0.5656634623546388,116.41176470588235,0.1007642245870771,0.2647058823529412,0.7941176470588235
