representation,k,condition,draws,C_mean,C_sampling_p025,C_sampling_p975,I_mean,I_sampling_p025,I_sampling_p975,delta_mean,delta_sampling_p025,delta_sampling_p975
finals,5,exclude_same_problem,120,22.637962345179115,22.168921135169086,23.03983376528629,27.719656547873434,25.79611974680595,29.5462477544643,5.081694202694318,3.041583897782947,6.799182276499622
finals,5,original,120,19.41024946396942,19.064725181135135,19.714059221420047,27.01397414386687,25.224464195841435,28.717179178915234,7.603724679897448,5.743453150623935,9.321896178836795
finals,5,random_exclusion,120,19.442327123689775,19.126943741654987,19.756274728764065,27.033292458298607,25.263090351220285,28.71630346152918,7.590965334608828,5.775044679886167,9.268683277500838
finals,8,exclude_same_problem,120,19.131001351133893,18.865241972649283,19.385722417438647,24.35788776503028,23.016668855479054,25.802657659126616,5.226886413896386,3.864200542734556,6.652490868436898
finals,8,original,120,16.946374245277248,16.75595322270914,17.13792166495124,23.826127741459786,22.55147834962524,25.114843932392212,6.879753496182534,5.557631361732861,8.157954161863385
finals,8,random_exclusion,120,16.963625061221347,16.766250118465074,17.16094222521817,23.843090204131652,22.572847041233466,25.126899830778328,6.879465142910307,5.582569026801341,8.14031135157952
finals,10,exclude_same_problem,120,18.084313929919173,17.887014449076663,18.264533517946003,23.561810203247287,22.359526153384884,24.822970747519282,5.477496273328116,4.223973431846163,6.684310768014937
finals,10,original,120,16.259319318066446,16.107258679898006,16.43090953811074,23.093477336405257,21.896729106998446,24.227441692086924,6.834158018338811,5.728611842830242,7.949749202400492
finals,10,random_exclusion,120,16.27182244801236,16.110617142314645,16.42283608648495,23.10828833399923,21.896471034233556,24.223389348829375,6.8364658859868666,5.7064493466413655,7.981485087960545
finals,15,exclude_same_problem,120,16.56769248932459,16.412887802575433,16.706110990908236,22.63447124503613,21.681028947082215,23.636116695247434,6.0667787557115425,5.067103926617067,7.133776211892179
finals,15,original,120,15.26188367734472,15.133032385307393,15.396798285053888,22.261019799159826,21.299074380315023,23.15628010139147,6.999136121815108,6.0286513341407675,7.965082717425775
finals,15,random_exclusion,120,15.27233104758219,15.140766545301714,15.406195452564502,22.270501936117693,21.314576559435523,23.15817675971371,6.998170888535507,6.008702466792677,7.972491226748298
finals,20,exclude_same_problem,120,15.881145693281546,15.75173825434785,15.999059479234715,22.153521027603368,21.22015882258694,23.168383624926456,6.272375334321822,5.314634924088596,7.263764313970103
finals,20,original,120,14.865980700490047,14.755076164481611,14.999067673224465,21.84682556665663,21.006137702851486,22.713712306150285,6.9808448661665805,6.144633381451223,7.867932263589138
finals,20,random_exclusion,120,14.8721735268493,14.769089378239135,14.995171173144824,21.851273260364852,21.01950952136919,22.712354156133113,6.979099733515553,6.146464554694422,7.871042578351307
finals,30,exclude_same_problem,120,15.087480455603531,14.985615906260296,15.19308570601646,21.601152851740903,20.848303251480583,22.461175026746353,6.5136723961373715,5.776540438161305,7.3384601745890965
finals,30,original,120,14.401173550560667,14.318742573236333,14.519869571680793,21.350524655648293,20.682393443066633,22.113274229699982,6.949351105087621,6.262871699291479,7.707731113280293
finals,30,random_exclusion,120,14.403291635212637,14.31385015085001,14.51603494083844,21.354161641153016,20.682653033436896,22.113463306059966,6.950870005940375,6.257370893641005,7.715289312789195
finals,40,exclude_same_problem,120,14.512654782761437,14.401670425408158,14.619920604063088,21.282915525779874,20.597612158365934,22.069838027997918,6.770260743018437,6.12297560037849,7.547998585098759
finals,40,original,120,14.030530203856964,13.927433376388727,14.140091836049098,21.07527184522022,20.40358655265961,21.809988610821655,7.0447416413632515,6.3933550341019565,7.799916265958494
finals,40,random_exclusion,120,14.024420650108334,13.925004984789725,14.13593155707091,21.073073791790808,20.405246316515104,21.799702223837382,7.048653141682475,6.3981307542899915,7.8029013241536465
pre_last,5,exclude_same_problem,120,33.53799773345163,32.60111322265128,34.76849415946886,23.50876337609979,21.834230525355306,25.239419504933565,-10.02923435735184,-11.812567350195158,-8.070545671709139
pre_last,5,original,120,11.956273731627501,11.57727057757675,12.55931906959488,20.79651876612196,19.451171797215782,22.442443463848445,8.84024503449446,7.471254803163001,10.496064369085857
pre_last,5,random_exclusion,120,11.9851225809793,11.573427689825099,12.553574132962911,20.805327009279875,19.494743239672225,22.44992874096801,8.820204428300572,7.456061900635357,10.471960795292157
pre_last,8,exclude_same_problem,120,24.310584400439325,23.82351314493685,25.02130959526235,20.00603975254728,18.95714725109997,21.120684265697946,-4.304544647892042,-5.538932907604407,-3.1918119565060823
pre_last,8,original,120,10.087015278186835,9.880648718630313,10.251081444568221,17.981238285397435,17.02930687129047,19.059865398727617,7.8942230072106,6.923380109126764,8.980181198489994
pre_last,8,random_exclusion,120,10.111215577619328,9.904132673153695,10.276210789293705,17.988033446828975,17.046847328062164,19.032543597900386,7.876817869209645,6.931037192760087,8.982038044732887
pre_last,10,exclude_same_problem,120,21.881293457321043,21.56137553560108,22.32366473047941,19.043546411429936,18.064838920905526,19.95762401042486,-2.837747045891111,-3.9254153563336427,-1.8478376945825894
pre_last,10,original,120,9.731627071828076,9.566458411457894,9.870976729724974,17.242013806529638,16.3504021303891,18.225098431733603,7.510386734701568,6.508221654584435,8.474206623781344
pre_last,10,random_exclusion,120,9.769014767120977,9.598874063048394,9.9103997248636,17.24803307467936,16.365831838404425,18.212350341255792,7.47901830755838,6.502442907239133,8.452255377021942
pre_last,15,exclude_same_problem,120,19.442221365759845,19.238214600757576,19.65126746205959,17.820506922683307,16.934577551439673,18.62702298974061,-1.6217144430765373,-2.5477105382123435,-0.8244908947316143
pre_last,15,original,120,9.909175607732106,9.769830864530347,10.025755104680089,16.365099206924658,15.547859228275357,17.197576367913637,6.455923599192555,5.583777595187638,7.304878167368237
pre_last,15,random_exclusion,120,9.94468173214592,9.803693989120434,10.059649155475588,16.369244103848064,15.562290035836073,17.203632903608458,6.424562371702145,5.556213147730706,7.27100451629483
pre_last,20,exclude_same_problem,120,18.602459243367615,18.41631600210358,18.747561129870753,17.11672350085687,16.281544934346652,18.024027479821207,-1.485735742510749,-2.3415398075662406,-0.6988573810831218
pre_last,20,original,120,10.277147854448618,10.167255187206248,10.37946641888163,15.887196894066138,15.12154876315724,16.626716526895247,5.610049039617521,4.799474087642297,6.3591118434689875
pre_last,20,random_exclusion,120,10.312023995922669,10.194293873716202,10.411181122446045,15.88685586194189,15.13149077912962,16.632566007716445,5.5748318660192195,4.763927428140679,6.333619727103355
pre_last,30,exclude_same_problem,120,17.560540306161805,17.45282776226803,17.65063321320411,16.302234995242028,15.530782513255264,17.080973200213354,-1.2583053109197786,-2.0582053786995704,-0.5335188501448734
pre_last,30,original,120,10.833680905800957,10.731551466490775,10.923245367998357,15.320920713249008,14.613400662866349,16.066654478682473,4.487239807448051,3.753696751599395,5.2600236865270915
pre_last,30,random_exclusion,120,10.8659570097074,10.75874208311145,10.956059850442873,15.3229492115895,14.610841528613555,16.070380599395055,4.456992201882097,3.728477038573128,5.233845788031458
pre_last,40,exclude_same_problem,120,16.97295258754807,16.871317690028647,17.043613606069574,15.832738463821075,15.061112256782105,16.527012091539497,-1.1402141237269892,-1.9257178112887128,-0.4602759638585023
pre_last,40,original,120,11.257401586492332,11.169905387542503,11.342611370782283,15.018667729599777,14.222815753669588,15.7241812114802,3.761266143107444,2.9841151462582904,4.492474300778807
pre_last,40,random_exclusion,120,11.286910855808943,11.197565372575191,11.370867554866715,15.017988457426185,14.226095116870697,15.72016060914868,3.731077601617244,2.9523603869841395,4.457954041631231
