representation,k,comparison,draws,C_mean,C_sampling_p025,C_sampling_p975,I_mean,I_sampling_p025,I_sampling_p975,delta_mean,delta_sampling_p025,delta_sampling_p975
finals,5,exclude_same_problem minus original,120,3.2277128812096954,2.8869448718119832,3.6610099292665685,0.7056824040065645,0.21912020916327943,1.3492614798016072,-2.5220304772031303,-3.234224520117571,-1.7237730891729672
finals,5,exclude_same_problem minus random_exclusion,120,3.1956352214893426,2.877659841281304,3.6333000281417256,0.6863640895748303,0.19889824993989552,1.316033881028947,-2.5092711319145122,-3.1931011730863363,-1.7342857621806338
finals,5,random_exclusion minus original,120,0.03207765972035223,-0.009212765161863423,0.07591724202487828,0.01931831443173412,-0.04181138056957616,0.0867721636042984,-0.012759345288618084,-0.07473093687507518,0.07433628740651625
finals,8,exclude_same_problem minus original,120,2.184627105856649,2.0007292150135676,2.414925288658684,0.5317600235705007,0.25419853525075276,0.9032270792056366,-1.6528670822861489,-2.006143994773843,-1.1790659790568199
finals,8,exclude_same_problem minus random_exclusion,120,2.1673762899125517,1.9877505894650205,2.3982645669831877,0.514797560898631,0.2551716978206818,0.8814575470626982,-1.652578729013921,-2.006264494536473,-1.1997788942565084
finals,8,random_exclusion minus original,120,0.017250815944097476,-0.00662809478241817,0.047472202263184646,0.016962462671869568,-0.012248145441703428,0.051800441474261126,-0.0002883532722278185,-0.04281837116142713,0.05497197720043226
finals,10,exclude_same_problem minus original,120,1.8249946118527247,1.6876472439718544,2.009598488246507,0.4683328668420298,0.2381235493862916,0.7801707604658595,-1.3566617450106948,-1.6102158025188462,-1.0441689214398255
finals,10,exclude_same_problem minus random_exclusion,120,1.812491481906808,1.6818560052143507,1.9922834549459314,0.45352186924805726,0.20939362351546276,0.7431985893104109,-1.358969612658751,-1.6049972402302537,-1.0550899917398364
finals,10,random_exclusion minus original,120,0.012503129945916876,-0.008045795344224694,0.04351372346956941,0.01481099759397253,-0.00865972393261849,0.042586342463306774,0.0023078676480558836,-0.028522388218295423,0.0410985303912633
finals,15,exclude_same_problem minus original,120,1.3058088119798714,1.1994654721258973,1.438891293907964,0.3734514458763062,0.18480509322609429,0.6225167895054333,-0.9323573661035651,-1.1416573704060207,-0.6924709221100889
finals,15,exclude_same_problem minus random_exclusion,120,1.295361441742402,1.1939965397604575,1.418005362361463,0.36396930891843693,0.17185062712273586,0.6064415954046378,-0.931392132823965,-1.14011000412653,-0.6689208884024559
finals,15,random_exclusion minus original,120,0.010447370237469267,-0.004007962781435293,0.02898596093693729,0.009482136957869317,-0.009105468722268384,0.03013912821296508,-0.0009652332796000602,-0.027802336747569222,0.02664894920767502
finals,20,exclude_same_problem minus original,120,1.015164992791499,0.943200212573835,1.1115208056106498,0.30669546094673916,0.165736797430354,0.49871169163913126,-0.7084695318447599,-0.8529080102716267,-0.5300109108531987
finals,20,exclude_same_problem minus random_exclusion,120,1.0089721664322477,0.9385280001728572,1.1073866752399677,0.3022477672385172,0.16197579351232233,0.49923952432404217,-0.7067243991937308,-0.84484871411982,-0.5231485855456167
finals,20,random_exclusion minus original,120,0.006192826359251402,-0.008350489230029946,0.020064115698417415,0.004447693708222023,-0.01216364059284114,0.02251074074038778,-0.001745132651029239,-0.02415617544536064,0.024229630151082874
finals,30,exclude_same_problem minus original,120,0.6863069050428634,0.6268870927989597,0.7486991385298304,0.2506281960926128,0.13935551944288074,0.42413372461200993,-0.4356787089502505,-0.5505993462011339,-0.25113004523017846
finals,30,exclude_same_problem minus random_exclusion,120,0.6841888203908958,0.6311622337764419,0.746392639474299,0.24699121058789097,0.13931592392172848,0.4279331844687289,-0.43719760980300487,-0.5462710011258827,-0.27024487730931623
finals,30,random_exclusion minus original,120,0.0021180846519676185,-0.008706091315543719,0.012705024707484138,0.003636985504721816,-0.013810138180769638,0.016887281992493505,0.0015189008527542866,-0.021983675018197268,0.02148193107144244
finals,40,exclude_same_problem minus original,120,0.4821245789044699,0.445138894504586,0.5317286084124516,0.20764368055965501,0.11062946805082996,0.3430470915189881,-0.27448089834481487,-0.36832635709476247,-0.14290553161912384
finals,40,exclude_same_problem minus random_exclusion,120,0.4882341326531023,0.4461383257269508,0.5364316756203684,0.2098417339890654,0.11574472201600772,0.35727723896093794,-0.278392398664037,-0.3701701261214425,-0.15383603133841622
finals,40,random_exclusion minus original,120,-0.006109553748632409,-0.014986271596142676,0.0031160031023934305,-0.002198053429410359,-0.01509218551451017,0.011577487762825791,0.003911500319222102,-0.012723957882764968,0.025983962275491306
pre_last,5,exclude_same_problem minus original,120,21.581724001824128,20.814797431970582,22.61315385205951,2.712244609977831,1.8033004296702178,3.57723359266896,-18.869479391846305,-20.21250834259273,-17.767849522933247
pre_last,5,exclude_same_problem minus random_exclusion,120,21.552875152472332,20.78555601121992,22.566797899369185,2.703436366819916,1.7705262411215412,3.5518929734684215,-18.84943878565241,-20.212508524482953,-17.745972007836873
pre_last,5,random_exclusion minus original,120,0.028848849351799988,-0.009655619786231683,0.07998542449096074,0.008808243157914574,-0.03299717367889423,0.05176005417890435,-0.020040606193885185,-0.07690499851413157,0.03815385746570351
pre_last,8,exclude_same_problem minus original,120,14.22356912225249,13.65021044021924,14.796306280040834,2.0248014671498487,1.467857890016124,2.6342223601579473,-12.198767655102642,-12.99885088036761,-11.368454561255437
pre_last,8,exclude_same_problem minus random_exclusion,120,14.19936882282,13.638922574750287,14.783243812726973,2.0180063057183117,1.4585323964943466,2.620705089978286,-12.181362517101688,-12.986889424525502,-11.358457863760965
pre_last,8,random_exclusion minus original,120,0.024200299432492134,0.006003423124432805,0.050247815024214215,0.006795161431536882,-0.019367651192783518,0.025833297503072387,-0.017405138000955354,-0.053016728091501174,0.011158042592473081
pre_last,10,exclude_same_problem minus original,120,12.149666385492974,11.841383934685146,12.54705716453139,1.8015326049002962,1.3339619114306178,2.31482999100613,-10.348133780592677,-10.94927463214507,-9.746880254208365
pre_last,10,exclude_same_problem minus random_exclusion,120,12.112278690200068,11.796099133781311,12.521313973413866,1.7955133367505787,1.3289963803166407,2.302172209280466,-10.31676535344949,-10.918679816091121,-9.720802109850975
pre_last,10,random_exclusion minus original,120,0.037387695292904644,0.020812673944043826,0.060196529564772304,0.0060192681497174645,-0.012806008951447545,0.024016604530984302,-0.03136842714318713,-0.05895830015637171,-0.005300430503116308
pre_last,15,exclude_same_problem minus original,120,9.533045758027741,9.319035085649277,9.752695315413355,1.4554077157586485,1.0751412570941155,1.7924341485624633,-8.077638042269093,-8.535885912959571,-7.657517120029647
pre_last,15,exclude_same_problem minus random_exclusion,120,9.497539633613924,9.286352265438273,9.721423867896558,1.451262818835244,1.0712184845290653,1.7980742615023797,-8.046276814778683,-8.508299263957639,-7.623467972693172
pre_last,15,random_exclusion minus original,120,0.0355061244138147,0.022620092820855798,0.05195100333106981,0.0041448969234043325,-0.014705961301961334,0.019757193572907283,-0.03136122749041035,-0.056726719989439546,-0.012399006766570232
pre_last,20,exclude_same_problem minus original,120,8.325311388918998,8.167146287394793,8.48631362304754,1.229526606790727,0.8909269779009156,1.5304948284357676,-7.095784782128271,-7.461568294346363,-6.721480319509241
pre_last,20,exclude_same_problem minus random_exclusion,120,8.290435247444947,8.132205193902866,8.458138342555404,1.2298676389149776,0.902969127137299,1.5255713979357022,-7.0605676085299685,-7.429683638358485,-6.688927273005175
pre_last,20,random_exclusion minus original,120,0.0348761414740513,0.02479739018898681,0.04801990661583446,-0.0003410321242506509,-0.016255759145133154,0.014185934440723844,-0.03521717359830198,-0.06005759869183487,-0.01335603519340427
pre_last,30,exclude_same_problem minus original,120,6.726859400360848,6.630245300201217,6.833467003285048,0.9813142819930177,0.7035145454166345,1.2061733432617152,-5.74554511836783,-6.021038728449579,-5.483516723953291
pre_last,30,exclude_same_problem minus random_exclusion,120,6.694583296454403,6.599971674303354,6.80987723230278,0.9792857836525273,0.7055896190547044,1.2015162000687238,-5.715297512801877,-5.983325717594376,-5.449329976664341
pre_last,30,random_exclusion minus original,120,0.03227610390644407,0.02336605181203515,0.04358010937050069,0.0020284983404903626,-0.011491457090141387,0.011512109348468993,-0.030247605565953593,-0.05030393857852333,-0.013578398353139905
pre_last,40,exclude_same_problem minus original,120,5.715551001055731,5.647329076495064,5.8034744101016,0.8140707342212975,0.5858430523809608,1.0106242438264674,-4.901480266834434,-5.117243678617683,-4.684402010676873
pre_last,40,exclude_same_problem minus random_exclusion,120,5.686041731739122,5.610107383193528,5.7756811089512725,0.8147500063948893,0.5831499272142942,1.0085839933851497,-4.871291725344234,-5.085362773173627,-4.652214946099412
pre_last,40,random_exclusion minus original,120,0.029509269316608428,0.02109494297090948,0.038357586804259894,-0.0006792721735917458,-0.01120061367906371,0.00819521505673308,-0.03018854149020012,-0.0426768381388694,-0.01554955001864506
