representation,k,repeats,C_random_repeat_sd,C_random_mean_mc_se,I_random_repeat_sd,I_random_mean_mc_se,delta_random_repeat_sd,delta_random_mean_mc_se
finals,5,20,0.01059429526391195,0.0023689564383811194,0.011303421562233712,0.002527521899149145,0.01703132326112498,0.0038083196558648855
finals,8,20,0.006918588162365993,0.0015470433439375712,0.0047329872133360755,0.0010583281145656763,0.009755668424662111,0.0021814337763492765
finals,10,20,0.005524592663255358,0.0012353364743035583,0.00420639971433802,0.0009405795701795508,0.00809756042097505,0.0018106695553212024
finals,15,20,0.003947333596760688,0.0008826506252225641,0.0033200342502147716,0.0007423822271107774,0.00553988032275339,0.0012387548988890054
finals,20,20,0.003658540383563195,0.0008180744996075458,0.0023944150669482672,0.0005354074856046035,0.004521106808963714,0.001010950215838002
finals,30,20,0.002675896663573936,0.0005983486840516205,0.0020356960051148842,0.000455195464896164,0.0034266853387868615,0.0007662301355029319
finals,40,20,0.0021524636676363952,0.0004813055079933494,0.0017102133342733756,0.0003824153271461839,0.002690271395076134,0.0006015629717313428
pre_last,5,20,0.007294315680169713,0.0016310585710202093,0.006776512275875579,0.00151527420992196,0.010084080263165538,0.002254868895900211
pre_last,8,20,0.004371925611190505,0.0009775922859194283,0.003333455699942914,0.0007453833545056497,0.00605949967251566,0.001354945317738273
pre_last,10,20,0.003371298649986058,0.0007538452953822096,0.002879856614474029,0.0006439555155416333,0.004496066497100856,0.0010053510318876874
pre_last,15,20,0.0025748854351736136,0.0005757618867322327,0.0019491328054585067,0.0004358393450180094,0.003212781138398399,0.000718399702228798
pre_last,20,20,0.002411932815515808,0.0005393245732655806,0.00200868197543946,0.00044915494422611955,0.0030209936527652924,0.0006755147167178589
pre_last,30,20,0.0017994603184050349,0.00040237155947670737,0.0013589373691526006,0.00030386763345899406,0.0023089245311837207,0.0005162912206643632
pre_last,40,20,0.0014769826916645175,0.0003302633700152473,0.0014672882303849364,0.000328095622572609,0.0019742740727089272,0.00044146110327925237
