analysis,feature,correct_minus_incorrect,mean_abs_gap,mean_abs_standardized_gap,constant_feature
prefix_length__adjusted,generated_prefix_tokens,-3.2100345167652864,3.2100345167652864,0.13571107964111873,False
prefix_length__adjusted,generated_full_tokens,-6.547312623274162,6.547312623274162,0.3472196319900555,False
prefix_length__adjusted,truncated,0.0,0.0,,True
prefix_length__adjusted,prefix_multiline,-0.0860207100591716,0.0860207100591716,0.321595747365942,False
prefix_length__adjusted,prefix_arithmetic,0.20130670611439844,0.20130670611439844,0.4587729245769853,False
prefix_length__adjusted,prefix_numeric_bin,0.004585798816568141,0.004585798816568141,0.026475588543095726,False
prefix_length__adjusted,full_multiline,-0.0365138067061144,0.0365138067061144,0.17635549213745788,False
prefix_length__adjusted,full_arithmetic,0.20098619329388565,0.20098619329388565,0.45917456004549917,False
prefix_length__adjusted,full_numeric_bin,0.0032297830374752607,0.0032297830374752607,0.04082271242515143,False
prefix_length__reference,generated_prefix_tokens,-8.312820512820512,8.312820512820512,0.35144227912992193,False
prefix_length__reference,generated_full_tokens,-9.083160749506904,9.083160749506904,0.48170171705855325,False
prefix_length__reference,truncated,0.0,0.0,,True
prefix_length__reference,prefix_multiline,-0.1169378698224852,0.1169378698224852,0.43718218107098394,False
prefix_length__reference,prefix_arithmetic,0.1877958579881657,0.1877958579881657,0.42798204121284716,False
prefix_length__reference,prefix_numeric_bin,0.011957593688362984,0.012154832347140097,0.07017454382659134,False
prefix_length__reference,full_multiline,-0.04075443786982247,0.04075443786982247,0.19683702127158526,False
prefix_length__reference,full_arithmetic,0.18762327416173571,0.18762327416173571,0.4286455350768214,False
prefix_length__reference,full_numeric_bin,0.004215976331360984,0.004462524654832388,0.0564039003736845,False
prefix_length_format__adjusted,generated_prefix_tokens,-2.6928938356164376,2.6928938356164376,0.11384785050806408,False
prefix_length_format__adjusted,generated_full_tokens,-4.915325342465754,4.915325342465754,0.26067144716069357,False
prefix_length_format__adjusted,truncated,0.0,0.0,,True
prefix_length_format__adjusted,prefix_multiline,0.0,0.0,0.0,False
prefix_length_format__adjusted,prefix_arithmetic,0.0,0.0,0.0,False
prefix_length_format__adjusted,prefix_numeric_bin,0.0,0.0,0.0,False
prefix_length_format__adjusted,full_multiline,0.005365296803652989,0.005365296803652989,0.025913473385214235,False
prefix_length_format__adjusted,full_arithmetic,0.003424657534246589,0.003424657534246589,0.007823998210139842,False
prefix_length_format__adjusted,full_numeric_bin,0.0,0.0,0.0,False
prefix_length_format__reference,generated_prefix_tokens,-7.08601598173516,7.08601598173516,0.2995764918454972,False
prefix_length_format__reference,generated_full_tokens,-7.9010559360730594,7.9010559360730594,0.4190118743840001,False
prefix_length_format__reference,truncated,0.0,0.0,,True
prefix_length_format__reference,prefix_multiline,-0.09597602739726027,0.09597602739726027,0.35881454871512236,False
prefix_length_format__reference,prefix_arithmetic,0.17796803652968035,0.17796803652968035,0.4055846830733347,False
prefix_length_format__reference,prefix_numeric_bin,0.012100456621004634,0.01227168949771696,0.07084920531104498,False
prefix_length_format__reference,full_multiline,-0.027910958904109592,0.027910958904109592,0.1348051966528693,False
prefix_length_format__reference,full_arithmetic,0.17816780821917805,0.17816780821917805,0.40704350688252355,False
prefix_length_format__reference,full_numeric_bin,0.003938356164383561,0.004280821917808212,0.05410727595825651,False
full_length_format__adjusted,generated_prefix_tokens,-3.8153672316384184,3.8153672316384184,0.16130281575749672,False
full_length_format__adjusted,generated_full_tokens,-2.9413559322033893,2.9413559322033893,0.1559871329041106,False
full_length_format__adjusted,truncated,0.0,0.0,,True
full_length_format__adjusted,prefix_multiline,-0.05847457627118642,0.05847457627118642,0.21861218123988216,False
full_length_format__adjusted,prefix_arithmetic,0.001694915254237314,0.0019774011299435244,0.004506447484817001,False
full_length_format__adjusted,prefix_numeric_bin,0.00426553672316396,0.00426553672316396,0.02462659172703717,False
full_length_format__adjusted,full_multiline,0.0,0.0,0.0,False
full_length_format__adjusted,full_arithmetic,0.0,0.0,0.0,False
full_length_format__adjusted,full_numeric_bin,0.0,0.0,0.0,False
full_length_format__reference,generated_prefix_tokens,-7.728954802259888,7.728954802259888,0.3267581065667379,False
full_length_format__reference,generated_full_tokens,-7.129152542372881,7.129152542372881,0.37807599309742423,False
full_length_format__reference,truncated,0.0,0.0,,True
full_length_format__reference,prefix_multiline,-0.10432203389830509,0.10432203389830509,0.39001680450187687,False
full_length_format__reference,prefix_arithmetic,0.1816384180790961,0.1816384180790961,0.41394939039104295,False
full_length_format__reference,prefix_numeric_bin,0.0034463276836158,0.00728813559322033,0.04207722295083051,False
full_length_format__reference,full_multiline,-0.02225988700564973,0.02225988700564973,0.10751147803902335,False
full_length_format__reference,full_arithmetic,0.18245762711864405,0.18245762711864405,0.41684405921676737,False
full_length_format__reference,full_numeric_bin,0.00036723163841810477,0.0029096045197740117,0.03677582896543562,False
