control,representation,k,window,adjusted_minus_reference,sampling_p025,sampling_p975,lopo_min,lopo_max
prefix_length,finals,10,L24-L31,0.12023983393138342,-1.7946616251055456,1.9703043419820347,0.008792797660945317,0.23614438211950517
prefix_length,finals,20,L24-L31,0.052841219140614716,-1.2574767907199713,1.6086796640540708,-0.04142445834255859,0.21037152806959214
prefix_length,means,10,L24-L31,0.10464931246989775,-0.6046876291389337,0.8469536020165765,0.045545565085211404,0.18987335194551408
prefix_length,means,20,L24-L31,0.07905486809706046,-0.5207023156669127,0.6700374377799705,0.028452419880069482,0.12580948043606396
prefix_length,pre_last,10,L24-L31,-0.33272953450420295,-1.9682729789866686,0.9928501707424956,-0.40194770474497177,-0.13418325544053678
prefix_length,pre_last,20,L24-L31,-0.32843296480029593,-1.5229756230573992,0.8392041858745362,-0.3807103563541783,-0.18856067778097724
prefix_length,pre_mean,10,L24-L31,-0.037189265138694236,-0.8692177872687598,0.7065536474654862,-0.06634548810071764,0.017763438470106765
prefix_length,pre_mean,20,L24-L31,-0.027033595035036228,-0.6664210853023955,0.5232132513598287,-0.06635851282617472,0.005575696174550587
prefix_length_format,finals,10,L24-L31,-0.40015471000229835,-2.7202273706874815,1.6780387937933032,-0.5845600978273213,-0.1037456669876462
prefix_length_format,finals,20,L24-L31,-0.3697511408743247,-2.1668620259581033,1.15825786413053,-0.561951108035253,-0.10624568969744785
prefix_length_format,means,10,L24-L31,-0.27816326490405563,-1.0044071275671087,0.43039076338826693,-0.37468219589608087,-0.2044661653328793
prefix_length_format,means,20,L24-L31,-0.15975010791954786,-0.7484146620086111,0.3961542696262548,-0.21058893150915545,-0.10750798876995085
prefix_length_format,pre_last,10,L24-L31,-0.5243707425914188,-1.993739999440524,0.7176931208091052,-0.7189267103916102,-0.32853786852291544
prefix_length_format,pre_last,20,L24-L31,-0.4476343410700887,-1.7416668589634032,0.6145213238466838,-0.5967081267188552,-0.31710232308364256
prefix_length_format,pre_mean,10,L24-L31,-0.3665044790761857,-1.0753586210603305,0.3268202938019484,-0.4503920320009033,-0.2894510134397691
prefix_length_format,pre_mean,20,L24-L31,-0.27605349634144294,-0.8250365955975356,0.2147503134374578,-0.3198654958070316,-0.22298454448251215
full_length_format,finals,10,L24-L31,-0.22337605646308087,-2.367667624070708,1.5722413734390424,-0.404611606596642,-0.09142076094026119
full_length_format,finals,20,L24-L31,-0.303882403928413,-2.099896203309961,1.0689580168349186,-0.4279677812208349,-0.18652664645377837
full_length_format,means,10,L24-L31,-0.210652544218117,-1.075344436879073,0.737012151650471,-0.31248671400469646,-0.14903055767584172
full_length_format,means,20,L24-L31,-0.03645513716323537,-0.6640188878773046,0.6213677182610915,-0.08651239382501756,0.008826695961097461
full_length_format,pre_last,10,L24-L31,-0.13545978547475357,-1.6253385850920945,1.3870846060460187,-0.2764285893835716,0.042972615245690404
full_length_format,pre_last,20,L24-L31,-0.011962639397947165,-1.2300692365151442,1.1679311918479347,-0.12570273947832616,0.08953261790448641
full_length_format,pre_mean,10,L24-L31,-0.317957135002431,-1.1805600745851086,0.5425360278481722,-0.4021234154738783,-0.25615873722509674
full_length_format,pre_mean,20,L24-L31,-0.19899432271774783,-0.8068518836846058,0.37443643742172933,-0.24300066327704173,-0.15275903702166577
