analysis,representation,k,window,delta_id,sampling_p025,sampling_p975,lopo_min,lopo_max
prefix_length__adjusted,finals,10,L24-L31,6.29621246963009,5.187990712566309,7.386066193303677,5.965184878088765,6.640794025227104
prefix_length__adjusted,finals,20,L24-L31,6.3623993948670385,5.342179610636933,7.290435641138221,6.081260648105076,6.62233727944285
prefix_length__adjusted,means,10,L24-L31,1.5055087361110395,1.0353807175162926,2.000138484721625,1.3891210708014792,1.5814241487221357
prefix_length__adjusted,means,20,L24-L31,1.2519311370670594,0.8388701854588322,1.6096263774551318,1.1565799396538792,1.3078472362959406
prefix_length__adjusted,pre_last,10,L24-L31,6.2720839567417155,5.038584036008012,7.091834823226757,6.064677191162547,6.408069274834052
prefix_length__adjusted,pre_last,20,L24-L31,4.45178001044283,3.466303148316141,5.125164785592063,4.252995752211148,4.621354969160654
prefix_length__adjusted,pre_mean,10,L24-L31,1.3301718096045847,0.8415199756296983,1.8070897431297277,1.2049496307335315,1.4246978644909913
prefix_length__adjusted,pre_mean,20,L24-L31,1.146864699706342,0.782854962244296,1.484016165397113,1.0572393945013656,1.197301577274424
prefix_length__reference,finals,10,L24-L31,6.175972635698707,4.793715496837626,7.384283963024554,5.9241091162320565,6.474298125904647
prefix_length__reference,finals,20,L24-L31,6.309558175726424,5.1572803447710465,7.452071239711815,6.053368088770214,6.533646793361485
prefix_length__reference,means,10,L24-L31,1.4008594236411418,0.9049986894325655,1.9184534420551838,1.2565641356958823,1.4735423939498156
prefix_length__reference,means,20,L24-L31,1.1728762689699985,0.6962927852459262,1.548128343547305,1.085525912711858,1.2218761346914588
prefix_length__reference,pre_last,10,L24-L31,6.604813491245919,5.7175030101469355,7.537138137526036,6.3875057131740505,6.752907154187907
prefix_length__reference,pre_last,20,L24-L31,4.780212975243126,4.0160069705251695,5.453037125337966,4.576048626664944,4.956335900446258
prefix_length__reference,pre_mean,10,L24-L31,1.3673610747432785,0.877484721294922,1.888571638677046,1.192224077659927,1.4605731317489683
prefix_length__reference,pre_mean,20,L24-L31,1.1738982947413783,0.7638933334749862,1.640756269186413,1.0838390682247425,1.2203938731237316
prefix_length_format__adjusted,finals,10,L24-L31,5.7890322844797595,4.4664930176005235,7.38062475334992,5.490412427850155,6.2006388237797765
prefix_length_format__adjusted,finals,20,L24-L31,5.9348003381821774,4.842107774251983,7.024747097115128,5.731288832249387,6.226267568018589
prefix_length_format__adjusted,means,10,L24-L31,0.9569145054042377,0.6202807731623842,1.4121533858600923,0.8581206266097449,1.039481488377338
prefix_length_format__adjusted,means,20,L24-L31,0.8511628693106875,0.5688545304942825,1.1771807321484549,0.7708515553084143,0.9020884131303751
prefix_length_format__adjusted,pre_last,10,L24-L31,5.4603205422300976,4.682421600257755,6.41274088703698,5.166456707504171,5.617360139932396
prefix_length_format__adjusted,pre_last,20,L24-L31,3.5959829626491624,2.957659621086694,4.340111719948323,3.3295055447043964,3.792493793777646
prefix_length_format__adjusted,pre_mean,10,L24-L31,0.8630931823697365,0.5142912073688432,1.2421805052641588,0.7601279494618942,0.9482023599085958
prefix_length_format__adjusted,pre_mean,20,L24-L31,0.7459636095024956,0.4840251254156805,1.0433793749012228,0.6610236019603508,0.8044559376653775
prefix_length_format__reference,finals,10,L24-L31,6.189186994482058,4.500623132234443,7.963629066530776,5.8688616168681875,6.538311173212113
prefix_length_format__reference,finals,20,L24-L31,6.304551479056502,4.925615864827136,7.593422115475015,6.030198817348697,6.557744053654983
prefix_length_format__reference,means,10,L24-L31,1.2350777703082934,0.6868075786533073,1.8853622626946207,1.1010051093893893,1.3072176175662338
prefix_length_format__reference,means,20,L24-L31,1.0109129772302354,0.5778231758355339,1.4248878976459047,0.908733633205276,1.0689967506257916
prefix_length_format__reference,pre_last,10,L24-L31,5.984691284821517,4.927334635348394,6.959089037552662,5.779922589295925,6.14980090953612
prefix_length_format__reference,pre_last,20,L24-L31,4.04361730371925,3.184947985678657,4.93750061668129,3.8512481287079696,4.238139796927339
prefix_length_format__reference,pre_mean,10,L24-L31,1.2295976614459223,0.6830829670162482,1.8206587522494277,1.1115202709996077,1.3192261373193452
prefix_length_format__reference,pre_mean,20,L24-L31,1.0220171058439385,0.5730820761753782,1.4372736506099622,0.9278127897486882,1.0752102046202514
full_length_format__adjusted,finals,10,L24-L31,5.171597963703645,3.819473212317389,6.607187211831696,4.755775105553869,5.568594889316048
full_length_format__adjusted,finals,20,L24-L31,5.310683442528267,4.3002663499298555,6.42716374772533,5.050559581151663,5.568870527368416
full_length_format__adjusted,means,10,L24-L31,0.905692585956164,0.490385140678791,1.3555928032461808,0.8117699514087238,0.9849201639860219
full_length_format__adjusted,means,20,L24-L31,0.8535372991549757,0.5447330568755526,1.169709957351623,0.7645821004696537,0.8955963952567141
full_length_format__adjusted,pre_last,10,L24-L31,6.155537441302433,5.135873461550722,7.13714563625861,5.913577846518371,6.296746514389741
full_length_format__adjusted,pre_last,20,L24-L31,4.263779785341222,3.500055147479303,5.199173350672699,4.0488407354005655,4.440181997754925
full_length_format__adjusted,pre_mean,10,L24-L31,0.9075072686798731,0.510468801710393,1.3424357994256189,0.7848364480419023,0.9859804968668132
full_length_format__adjusted,pre_mean,20,L24-L31,0.7891904941076057,0.4493350157982937,1.0999899338986097,0.7003022082894415,0.8499487963088326
full_length_format__reference,finals,10,L24-L31,5.3949740201667264,3.8670803484406506,6.713591224893655,5.128394655173281,5.741559228289721
full_length_format__reference,finals,20,L24-L31,5.61456584645668,4.25967367219505,6.731419047783309,5.374100980655998,5.872984446029513
full_length_format__reference,means,10,L24-L31,1.1163451301742808,0.3319982887076558,1.7627763163804957,0.9916195769031608,1.1929460265939436
full_length_format__reference,means,20,L24-L31,0.8899924363182109,0.4366309845891815,1.409417816434383,0.8073945973667342,0.9435985610484339
full_length_format__reference,pre_last,10,L24-L31,6.290997226777187,5.047010716821257,7.537773665566092,6.100773071056409,6.431659231678301
full_length_format__reference,pre_last,20,L24-L31,4.275742424739168,3.329912007096217,5.283347893449452,4.065207865688414,4.483198962170928
full_length_format__reference,pre_mean,10,L24-L31,1.2254644036823044,0.4899485356264048,1.8354686064749333,1.0798818677988526,1.3017258361417652
full_length_format__reference,pre_mean,20,L24-L31,0.9881848168253533,0.4981456023984781,1.493153562934228,0.9015915117073829,1.0433785603304955
