control,problem_id,correct_available,incorrect_available,matched_pairs
prefix_length,1,4,16,3
prefix_length,2,6,14,5
prefix_length,3,3,17,3
prefix_length,4,8,12,6
prefix_length,5,1,19,1
prefix_length,8,12,8,3
prefix_length,9,7,13,6
prefix_length,11,2,18,2
prefix_length,13,1,19,1
prefix_length,15,4,16,4
prefix_length,16,7,13,5
prefix_length,18,1,19,1
prefix_length,20,3,17,3
prefix_length,23,2,18,2
prefix_length,24,2,15,2
prefix_length,25,8,12,8
prefix_length,26,6,14,6
prefix_length,28,1,19,0
prefix_length,29,1,19,1
prefix_length,31,3,17,3
prefix_length,36,3,17,3
prefix_length,37,2,18,1
prefix_length,39,2,18,1
prefix_length,40,1,19,1
prefix_length,43,1,19,1
prefix_length,44,1,19,1
prefix_length,46,3,14,3
prefix_length,47,4,16,4
prefix_length,48,10,10,9
prefix_length,49,1,19,1
prefix_length,50,2,18,1
prefix_length,51,1,19,1
prefix_length,52,1,19,1
prefix_length,53,2,18,2
prefix_length,54,2,18,1
prefix_length,55,1,19,1
prefix_length,56,5,15,5
prefix_length,57,3,17,3
prefix_length,59,4,16,4
prefix_length,62,4,16,4
prefix_length,63,3,17,3
prefix_length,64,1,19,1
prefix_length,65,1,19,1
prefix_length,68,1,19,1
prefix_length,69,1,17,1
prefix_length,71,1,19,1
prefix_length,72,3,17,3
prefix_length,73,1,19,1
prefix_length,74,14,6,4
prefix_length,77,1,19,1
prefix_length,79,8,12,6
prefix_length,80,7,13,2
prefix_length,81,4,16,3
prefix_length,82,4,16,4
prefix_length,83,2,18,0
prefix_length,84,4,16,3
prefix_length,85,1,19,1
prefix_length,87,6,10,5
prefix_length,89,2,18,2
prefix_length,90,3,17,2
prefix_length,91,2,18,2
prefix_length,92,1,19,0
prefix_length,93,2,18,2
prefix_length,98,2,17,2
prefix_length,99,2,18,1
prefix_length,100,2,18,2
prefix_length,102,1,19,1
prefix_length,104,14,6,5
prefix_length,106,1,19,0
prefix_length,107,13,3,3
prefix_length,109,7,11,4
prefix_length,110,3,17,2
prefix_length,114,4,16,3
prefix_length,115,4,16,4
prefix_length,117,2,18,2
prefix_length,118,7,13,7
prefix_length,124,1,19,1
prefix_length,125,1,19,1
prefix_length,126,1,19,1
prefix_length,128,5,15,5
prefix_length,129,1,19,1
prefix_length,130,13,7,6
prefix_length,131,1,19,0
prefix_length,133,1,19,1
prefix_length,136,2,16,2
prefix_length,137,1,2,0
prefix_length,138,2,18,2
prefix_length,139,1,19,1
prefix_length,140,4,16,4
prefix_length,142,8,12,6
prefix_length,144,9,11,6
prefix_length,145,1,19,1
prefix_length,146,1,19,1
prefix_length,147,1,19,1
prefix_length,149,5,14,5
prefix_length,152,4,16,4
prefix_length,153,3,17,3
prefix_length,156,3,17,2
prefix_length,157,1,19,1
prefix_length,158,8,12,7
prefix_length,159,2,18,2
prefix_length,160,4,16,1
prefix_length,162,7,13,6
prefix_length,163,6,14,6
prefix_length,165,5,15,5
prefix_length,167,2,18,2
prefix_length,168,2,18,2
prefix_length,170,5,15,5
prefix_length,172,2,18,2
prefix_length,173,3,17,3
prefix_length,175,3,17,3
prefix_length,176,3,17,2
prefix_length,178,1,19,1
prefix_length,180,4,16,4
prefix_length,181,2,18,2
prefix_length,182,7,13,6
prefix_length,183,4,16,4
prefix_length,184,3,17,3
prefix_length,185,2,18,2
prefix_length,186,2,18,2
prefix_length,190,1,19,1
prefix_length,191,2,18,2
prefix_length,192,2,18,2
prefix_length,193,4,16,3
prefix_length,194,1,19,1
prefix_length,195,1,19,1
prefix_length,196,3,17,3
prefix_length,197,1,19,1
prefix_length,198,1,19,1
prefix_length_format,1,4,16,2
prefix_length_format,2,6,14,4
prefix_length_format,3,3,17,1
prefix_length_format,4,8,12,5
prefix_length_format,5,1,19,1
prefix_length_format,8,12,8,1
prefix_length_format,9,7,13,5
prefix_length_format,11,2,18,2
prefix_length_format,13,1,19,1
prefix_length_format,15,4,16,4
prefix_length_format,16,7,13,4
prefix_length_format,18,1,19,1
prefix_length_format,20,3,17,3
prefix_length_format,23,2,18,2
prefix_length_format,24,2,15,2
prefix_length_format,25,8,12,6
prefix_length_format,26,6,14,5
prefix_length_format,28,1,19,0
prefix_length_format,29,1,19,1
prefix_length_format,31,3,17,3
prefix_length_format,36,3,17,3
prefix_length_format,37,2,18,1
prefix_length_format,39,2,18,1
prefix_length_format,40,1,19,1
prefix_length_format,43,1,19,1
prefix_length_format,44,1,19,0
prefix_length_format,46,3,14,3
prefix_length_format,47,4,16,4
prefix_length_format,48,10,10,6
prefix_length_format,49,1,19,1
prefix_length_format,50,2,18,1
prefix_length_format,51,1,19,1
prefix_length_format,52,1,19,0
prefix_length_format,53,2,18,1
prefix_length_format,54,2,18,1
prefix_length_format,55,1,19,1
prefix_length_format,56,5,15,5
prefix_length_format,57,3,17,3
prefix_length_format,59,4,16,1
prefix_length_format,62,4,16,4
prefix_length_format,63,3,17,3
prefix_length_format,64,1,19,1
prefix_length_format,65,1,19,1
prefix_length_format,68,1,19,1
prefix_length_format,69,1,17,1
prefix_length_format,71,1,19,1
prefix_length_format,72,3,17,3
prefix_length_format,73,1,19,1
prefix_length_format,74,14,6,3
prefix_length_format,77,1,19,1
prefix_length_format,79,8,12,4
prefix_length_format,80,7,13,2
prefix_length_format,81,4,16,3
prefix_length_format,82,4,16,4
prefix_length_format,83,2,18,0
prefix_length_format,84,4,16,3
prefix_length_format,85,1,19,1
prefix_length_format,87,6,10,5
prefix_length_format,89,2,18,2
prefix_length_format,90,3,17,2
prefix_length_format,91,2,18,2
prefix_length_format,92,1,19,0
prefix_length_format,93,2,18,2
prefix_length_format,98,2,17,2
prefix_length_format,99,2,18,1
prefix_length_format,100,2,18,2
prefix_length_format,102,1,19,1
prefix_length_format,104,14,6,5
prefix_length_format,106,1,19,0
prefix_length_format,107,13,3,2
prefix_length_format,109,7,11,3
prefix_length_format,110,3,17,1
prefix_length_format,114,4,16,3
prefix_length_format,115,4,16,4
prefix_length_format,117,2,18,2
prefix_length_format,118,7,13,4
prefix_length_format,124,1,19,1
prefix_length_format,125,1,19,1
prefix_length_format,126,1,19,1
prefix_length_format,128,5,15,5
prefix_length_format,129,1,19,1
prefix_length_format,130,13,7,6
prefix_length_format,131,1,19,0
prefix_length_format,133,1,19,1
prefix_length_format,136,2,16,2
prefix_length_format,137,1,2,0
prefix_length_format,138,2,18,2
prefix_length_format,139,1,19,1
prefix_length_format,140,4,16,4
prefix_length_format,142,8,12,3
prefix_length_format,144,9,11,6
prefix_length_format,145,1,19,1
prefix_length_format,146,1,19,1
prefix_length_format,147,1,19,1
prefix_length_format,149,5,14,5
prefix_length_format,152,4,16,3
prefix_length_format,153,3,17,3
prefix_length_format,156,3,17,1
prefix_length_format,157,1,19,1
prefix_length_format,158,8,12,6
prefix_length_format,159,2,18,2
prefix_length_format,160,4,16,0
prefix_length_format,162,7,13,4
prefix_length_format,163,6,14,6
prefix_length_format,165,5,15,5
prefix_length_format,167,2,18,2
prefix_length_format,168,2,18,2
prefix_length_format,170,5,15,4
prefix_length_format,172,2,18,2
prefix_length_format,173,3,17,3
prefix_length_format,175,3,17,3
prefix_length_format,176,3,17,2
prefix_length_format,178,1,19,1
prefix_length_format,180,4,16,4
prefix_length_format,181,2,18,1
prefix_length_format,182,7,13,6
prefix_length_format,183,4,16,3
prefix_length_format,184,3,17,2
prefix_length_format,185,2,18,1
prefix_length_format,186,2,18,2
prefix_length_format,190,1,19,1
prefix_length_format,191,2,18,2
prefix_length_format,192,2,18,1
prefix_length_format,193,4,16,2
prefix_length_format,194,1,19,1
prefix_length_format,195,1,19,1
prefix_length_format,196,3,17,3
prefix_length_format,197,1,19,1
prefix_length_format,198,1,19,1
full_length_format,1,4,16,2
full_length_format,2,6,14,5
full_length_format,3,3,17,2
full_length_format,4,8,12,6
full_length_format,5,1,19,1
full_length_format,8,12,8,1
full_length_format,9,7,13,5
full_length_format,11,2,18,0
full_length_format,13,1,19,1
full_length_format,15,4,16,4
full_length_format,16,7,13,5
full_length_format,18,1,19,1
full_length_format,20,3,17,3
full_length_format,23,2,18,2
full_length_format,24,2,15,2
full_length_format,25,8,12,7
full_length_format,26,6,14,6
full_length_format,28,1,19,1
full_length_format,29,1,19,1
full_length_format,31,3,17,3
full_length_format,36,3,17,3
full_length_format,37,2,18,2
full_length_format,39,2,18,1
full_length_format,40,1,19,1
full_length_format,43,1,19,1
full_length_format,44,1,19,1
full_length_format,46,3,14,2
full_length_format,47,4,16,4
full_length_format,48,10,10,6
full_length_format,49,1,19,1
full_length_format,50,2,18,1
full_length_format,51,1,19,1
full_length_format,52,1,19,0
full_length_format,53,2,18,1
full_length_format,54,2,18,1
full_length_format,55,1,19,1
full_length_format,56,5,15,4
full_length_format,57,3,17,2
full_length_format,59,4,16,1
full_length_format,62,4,16,4
full_length_format,63,3,17,3
full_length_format,64,1,19,1
full_length_format,65,1,19,1
full_length_format,68,1,19,1
full_length_format,69,1,17,1
full_length_format,71,1,19,1
full_length_format,72,3,17,3
full_length_format,73,1,19,1
full_length_format,74,14,6,2
full_length_format,77,1,19,1
full_length_format,79,8,12,4
full_length_format,80,7,13,2
full_length_format,81,4,16,3
full_length_format,82,4,16,4
full_length_format,83,2,18,0
full_length_format,84,4,16,3
full_length_format,85,1,19,1
full_length_format,87,6,10,4
full_length_format,89,2,18,2
full_length_format,90,3,17,1
full_length_format,91,2,18,2
full_length_format,92,1,19,1
full_length_format,93,2,18,2
full_length_format,98,2,17,2
full_length_format,99,2,18,2
full_length_format,100,2,18,2
full_length_format,102,1,19,1
full_length_format,104,14,6,5
full_length_format,106,1,19,0
full_length_format,107,13,3,2
full_length_format,109,7,11,3
full_length_format,110,3,17,1
full_length_format,114,4,16,3
full_length_format,115,4,16,3
full_length_format,117,2,18,2
full_length_format,118,7,13,6
full_length_format,124,1,19,1
full_length_format,125,1,19,1
full_length_format,126,1,19,1
full_length_format,128,5,15,5
full_length_format,129,1,19,1
full_length_format,130,13,7,4
full_length_format,131,1,19,0
full_length_format,133,1,19,1
full_length_format,136,2,16,2
full_length_format,137,1,2,0
full_length_format,138,2,18,2
full_length_format,139,1,19,1
full_length_format,140,4,16,4
full_length_format,142,8,12,3
full_length_format,144,9,11,7
full_length_format,145,1,19,1
full_length_format,146,1,19,1
full_length_format,147,1,19,1
full_length_format,149,5,14,5
full_length_format,152,4,16,3
full_length_format,153,3,17,3
full_length_format,156,3,17,2
full_length_format,157,1,19,1
full_length_format,158,8,12,6
full_length_format,159,2,18,2
full_length_format,160,4,16,0
full_length_format,162,7,13,1
full_length_format,163,6,14,6
full_length_format,165,5,15,4
full_length_format,167,2,18,2
full_length_format,168,2,18,2
full_length_format,170,5,15,3
full_length_format,172,2,18,2
full_length_format,173,3,17,3
full_length_format,175,3,17,3
full_length_format,176,3,17,2
full_length_format,178,1,19,1
full_length_format,180,4,16,4
full_length_format,181,2,18,1
full_length_format,182,7,13,6
full_length_format,183,4,16,4
full_length_format,184,3,17,2
full_length_format,185,2,18,1
full_length_format,186,2,18,2
full_length_format,190,1,19,1
full_length_format,191,2,18,2
full_length_format,192,2,18,2
full_length_format,193,4,16,4
full_length_format,194,1,19,1
full_length_format,195,1,19,1
full_length_format,196,3,17,3
full_length_format,197,1,19,1
full_length_format,198,1,19,1
